"filename", "language", "Markdown", "Makefile", "Shell Script", "Solidity", "Go", "JSON", "HTML", "CSS", "JavaScript", "YAML", "Batch", "Ignore", "Docker", "Go Checksum File", "Go Module File", "comment", "blank", "total"
"/Users/tkkwon/Github/2022-11-canto/CIP-001/README.md", "Markdown", 24, 0, 0, 0, 0, 0, 0, 0, 0, 0, 0, 0, 0, 0, 0, 0, 7, 31
"/Users/tkkwon/Github/2022-11-canto/CIP-001/out/Turnstile.sol/Turnstile.json", "JSON", 0, 0, 0, 0, 0, 6071, 0, 0, 0, 0, 0, 0, 0, 0, 0, 0, 0, 6071
"/Users/tkkwon/Github/2022-11-canto/CIP-001/script/Turnstile.s.sol", "Solidity", 0, 0, 0, 11, 0, 0, 0, 0, 0, 0, 0, 0, 0, 0, 0, 1, 5, 17
"/Users/tkkwon/Github/2022-11-canto/CIP-001/src/Turnstile.sol", "Solidity", 0, 0, 0, 85, 0, 0, 0, 0, 0, 0, 0, 0, 0, 0, 0, 33, 37, 155
"/Users/tkkwon/Github/2022-11-canto/CIP-001/test/Turnstile.t.sol", "Solidity", 0, 0, 0, 235, 0, 0, 0, 0, 0, 0, 0, 0, 0, 0, 0, 1, 79, 315
"/Users/tkkwon/Github/2022-11-canto/CIP-001/utils/LocalEthereumFork.sh", "Shell Script", 0, 0, 2, 0, 0, 0, 0, 0, 0, 0, 0, 0, 0, 0, 0, 0, 1, 3
"/Users/tkkwon/Github/2022-11-canto/CIP-001/utils/LocalForkDeploy.sh", "Shell Script", 0, 0, 2, 0, 0, 0, 0, 0, 0, 0, 0, 0, 0, 0, 0, 2, 2, 6
"/Users/tkkwon/Github/2022-11-canto/Canto/.bencher/config.yaml", "YAML", 0, 0, 0, 0, 0, 0, 0, 0, 0, 4, 0, 0, 0, 0, 0, 1, 1, 6
"/Users/tkkwon/Github/2022-11-canto/Canto/.build.sh", "Shell Script", 0, 0, 17, 0, 0, 0, 0, 0, 0, 0, 0, 0, 0, 0, 0, 19, 8, 44
"/Users/tkkwon/Github/2022-11-canto/Canto/.dockerignore", "Ignore", 0, 0, 0, 0, 0, 0, 0, 0, 0, 0, 0, 2, 0, 0, 0, 2, 1, 5
"/Users/tkkwon/Github/2022-11-canto/Canto/.solhint.json", "JSON", 0, 0, 0, 0, 0, 3, 0, 0, 0, 0, 0, 0, 0, 0, 0, 0, 1, 4
"/Users/tkkwon/Github/2022-11-canto/Canto/Docker/Dockerfile", "Docker", 0, 0, 0, 0, 0, 0, 0, 0, 0, 0, 0, 0, 25, 0, 0, 12, 15, 52
"/Users/tkkwon/Github/2022-11-canto/Canto/Dockerfile", "Docker", 0, 0, 0, 0, 0, 0, 0, 0, 0, 0, 0, 0, 13, 0, 0, 0, 11, 24
"/Users/tkkwon/Github/2022-11-canto/Canto/Makefile", "Makefile", 0, 429, 0, 0, 0, 0, 0, 0, 0, 0, 0, 0, 0, 0, 0, 78, 117, 624
"/Users/tkkwon/Github/2022-11-canto/Canto/README.md", "Markdown", 27, 0, 0, 0, 0, 0, 0, 0, 0, 0, 0, 0, 0, 0, 0, 0, 14, 41
"/Users/tkkwon/Github/2022-11-canto/Canto/app/ante/ante.go", "Go", 0, 0, 0, 0, 40, 0, 0, 0, 0, 0, 0, 0, 0, 0, 0, 7, 9, 56
"/Users/tkkwon/Github/2022-11-canto/Canto/app/ante/comission.go", "Go", 0, 0, 0, 0, 62, 0, 0, 0, 0, 0, 0, 0, 0, 0, 0, 9, 14, 85
"/Users/tkkwon/Github/2022-11-canto/Canto/app/ante/doc.go", "Go", 0, 0, 0, 0, 1, 0, 0, 0, 0, 0, 0, 0, 0, 0, 0, 10, 1, 12
"/Users/tkkwon/Github/2022-11-canto/Canto/app/ante/handler_options.go", "Go", 0, 0, 0, 0, 110, 0, 0, 0, 0, 0, 0, 0, 0, 0, 0, 9, 9, 128
"/Users/tkkwon/Github/2022-11-canto/Canto/app/ante/interfaces.go", "Go", 0, 0, 0, 0, 12, 0, 0, 0, 0, 0, 0, 0, 0, 0, 0, 1, 4, 17
"/Users/tkkwon/Github/2022-11-canto/Canto/app/ante/utils_test.go", "Go", 0, 0, 0, 0, 145, 0, 0, 0, 0, 0, 0, 0, 0, 0, 0, 3, 29, 177
"/Users/tkkwon/Github/2022-11-canto/Canto/app/ante/vesting.go", "Go", 0, 0, 0, 0, 125, 0, 0, 0, 0, 0, 0, 0, 0, 0, 0, 27, 25, 177
"/Users/tkkwon/Github/2022-11-canto/Canto/app/app.go", "Go", 0, 0, 0, 0, 761, 0, 0, 0, 0, 0, 0, 0, 0, 0, 0, 186, 145, 1092
"/Users/tkkwon/Github/2022-11-canto/Canto/app/app_test.go", "Go", 0, 0, 0, 0, 31, 0, 0, 0, 0, 0, 0, 0, 0, 0, 0, 2, 10, 43
"/Users/tkkwon/Github/2022-11-canto/Canto/app/export.go", "Go", 0, 0, 0, 0, 145, 0, 0, 0, 0, 0, 0, 0, 0, 0, 0, 28, 39, 212
"/Users/tkkwon/Github/2022-11-canto/Canto/app/sigverify.go", "Go", 0, 0, 0, 0, 60, 0, 0, 0, 0, 0, 0, 0, 0, 0, 0, 14, 13, 87
"/Users/tkkwon/Github/2022-11-canto/Canto/app/sigverify_test.go", "Go", 0, 0, 0, 0, 127, 0, 0, 0, 0, 0, 0, 0, 0, 0, 0, 0, 14, 141
"/Users/tkkwon/Github/2022-11-canto/Canto/app/test_helpers.go", "Go", 0, 0, 0, 0, 80, 0, 0, 0, 0, 0, 0, 0, 0, 0, 0, 8, 15, 103
"/Users/tkkwon/Github/2022-11-canto/Canto/app/tps_counter.go", "Go", 0, 0, 0, 0, 103, 0, 0, 0, 0, 0, 0, 0, 0, 0, 0, 4, 22, 129
"/Users/tkkwon/Github/2022-11-canto/Canto/app/tps_counter_test.go", "Go", 0, 0, 0, 0, 60, 0, 0, 0, 0, 0, 0, 0, 0, 0, 0, 3, 12, 75
"/Users/tkkwon/Github/2022-11-canto/Canto/app/upgrades/v2/constants.go", "Go", 0, 0, 0, 0, 4, 0, 0, 0, 0, 0, 0, 0, 0, 0, 0, 1, 2, 7
"/Users/tkkwon/Github/2022-11-canto/Canto/app/upgrades/v2/upgrades.go", "Go", 0, 0, 0, 0, 16, 0, 0, 0, 0, 0, 0, 0, 0, 0, 0, 2, 4, 22
"/Users/tkkwon/Github/2022-11-canto/Canto/app/upgrades/v2/upgrades_test.go", "Go", 0, 0, 0, 0, 1, 0, 0, 0, 0, 0, 0, 0, 0, 0, 0, 0, 1, 2
"/Users/tkkwon/Github/2022-11-canto/Canto/app/upgrades/v5/constants.go", "Go", 0, 0, 0, 0, 4, 0, 0, 0, 0, 0, 0, 0, 0, 0, 0, 1, 2, 7
"/Users/tkkwon/Github/2022-11-canto/Canto/app/upgrades/v5/upgrades.go", "Go", 0, 0, 0, 0, 16, 0, 0, 0, 0, 0, 0, 0, 0, 0, 0, 2, 4, 22
"/Users/tkkwon/Github/2022-11-canto/Canto/buf.work.yaml", "YAML", 0, 0, 0, 0, 0, 0, 0, 0, 0, 4, 0, 0, 0, 0, 0, 0, 1, 5
"/Users/tkkwon/Github/2022-11-canto/Canto/client/docs/config.json", "JSON", 0, 0, 0, 0, 0, 180, 0, 0, 0, 0, 0, 0, 0, 0, 0, 0, 1, 181
"/Users/tkkwon/Github/2022-11-canto/Canto/client/docs/statik/init.go", "Go", 0, 0, 0, 0, 2, 0, 0, 0, 0, 0, 0, 0, 0, 0, 0, 4, 3, 9
"/Users/tkkwon/Github/2022-11-canto/Canto/client/docs/statik/statik.go", "Go", 0, 0, 0, 0, 6, 0, 0, 0, 0, 0, 0, 0, 0, 0, 0, 4, 3, 13
"/Users/tkkwon/Github/2022-11-canto/Canto/client/docs/swagger-ui/index.html", "HTML", 0, 0, 0, 0, 0, 0, 53, 0, 0, 0, 0, 0, 0, 0, 0, 1, 7, 61
"/Users/tkkwon/Github/2022-11-canto/Canto/client/docs/swagger-ui/oauth2-redirect.html", "HTML", 0, 0, 0, 0, 0, 0, 61, 0, 0, 0, 0, 0, 0, 0, 0, 0, 7, 68
"/Users/tkkwon/Github/2022-11-canto/Canto/client/docs/swagger-ui/swagger-ui-bundle.js", "JavaScript", 0, 0, 0, 0, 0, 0, 0, 0, 22408, 0, 0, 0, 0, 0, 0, 18828, 540, 41776
"/Users/tkkwon/Github/2022-11-canto/Canto/client/docs/swagger-ui/swagger-ui-standalone-preset.js", "JavaScript", 0, 0, 0, 0, 0, 0, 0, 0, 8277, 0, 0, 0, 0, 0, 0, 4717, 179, 13173
"/Users/tkkwon/Github/2022-11-canto/Canto/client/docs/swagger-ui/swagger-ui.css", "CSS", 0, 0, 0, 0, 0, 0, 0, 2, 0, 0, 0, 0, 0, 0, 0, 1, 0, 3
"/Users/tkkwon/Github/2022-11-canto/Canto/client/docs/swagger-ui/swagger.yaml", "YAML", 0, 0, 0, 0, 0, 0, 0, 0, 0, 44549, 0, 0, 0, 0, 0, 0, 8962, 53511
"/Users/tkkwon/Github/2022-11-canto/Canto/cmd/cantod/cmd_test.go", "Go", 0, 0, 0, 0, 33, 0, 0, 0, 0, 0, 0, 0, 0, 0, 0, 0, 8, 41
"/Users/tkkwon/Github/2022-11-canto/Canto/cmd/cantod/genaccounts.go", "Go", 0, 0, 0, 0, 211, 0, 0, 0, 0, 0, 0, 0, 0, 0, 0, 17, 51, 279
"/Users/tkkwon/Github/2022-11-canto/Canto/cmd/cantod/init.go", "Go", 0, 0, 0, 0, 127, 0, 0, 0, 0, 0, 0, 0, 0, 0, 0, 12, 32, 171
"/Users/tkkwon/Github/2022-11-canto/Canto/cmd/cantod/main.go", "Go", 0, 0, 0, 0, 28, 0, 0, 0, 0, 0, 0, 0, 0, 0, 0, 5, 9, 42
"/Users/tkkwon/Github/2022-11-canto/Canto/cmd/cantod/root.go", "Go", 0, 0, 0, 0, 228, 0, 0, 0, 0, 0, 0, 0, 0, 0, 0, 12, 47, 287
"/Users/tkkwon/Github/2022-11-canto/Canto/cmd/cantod/testnet.go", "Go", 0, 0, 0, 0, 446, 0, 0, 0, 0, 0, 0, 0, 0, 0, 0, 16, 98, 560
"/Users/tkkwon/Github/2022-11-canto/Canto/cmd/config/config.go", "Go", 0, 0, 0, 0, 36, 0, 0, 0, 0, 0, 0, 0, 0, 0, 0, 12, 10, 58
"/Users/tkkwon/Github/2022-11-canto/Canto/cmd/config/observability.go", "Go", 0, 0, 0, 0, 4, 0, 0, 0, 0, 0, 0, 0, 0, 0, 0, 28, 7, 39
"/Users/tkkwon/Github/2022-11-canto/Canto/config.yml", "YAML", 0, 0, 0, 0, 0, 0, 0, 0, 0, 39, 0, 0, 0, 0, 0, 0, 1, 40
"/Users/tkkwon/Github/2022-11-canto/Canto/contracts/ERC20Burnable.sol", "Solidity", 0, 0, 0, 16, 0, 0, 0, 0, 0, 0, 0, 0, 0, 0, 0, 23, 5, 44
"/Users/tkkwon/Github/2022-11-canto/Canto/contracts/ERC20DirectBalanceManipulation.sol", "Solidity", 0, 0, 0, 15, 0, 0, 0, 0, 0, 0, 0, 0, 0, 0, 0, 4, 5, 24
"/Users/tkkwon/Github/2022-11-canto/Canto/contracts/ERC20MaliciousDelayed.sol", "Solidity", 0, 0, 0, 15, 0, 0, 0, 0, 0, 0, 0, 0, 0, 0, 0, 5, 5, 25
"/Users/tkkwon/Github/2022-11-canto/Canto/contracts/ERC20MinterBurnerDecimals.sol", "Solidity", 0, 0, 0, 49, 0, 0, 0, 0, 0, 0, 0, 0, 0, 0, 0, 64, 12, 125
"/Users/tkkwon/Github/2022-11-canto/Canto/contracts/Port.sol", "Solidity", 0, 0, 0, 71, 0, 0, 0, 0, 0, 0, 0, 0, 0, 0, 0, 5, 8, 84
"/Users/tkkwon/Github/2022-11-canto/Canto/contracts/ProposalStore.go", "Go", 0, 0, 0, 0, 16, 0, 0, 0, 0, 0, 0, 0, 0, 0, 0, 2, 6, 24
"/Users/tkkwon/Github/2022-11-canto/Canto/contracts/callee.go", "Go", 0, 0, 0, 0, 11, 0, 0, 0, 0, 0, 0, 0, 0, 0, 0, 7, 6, 24
"/Users/tkkwon/Github/2022-11-canto/Canto/contracts/callee.sol", "Solidity", 0, 0, 0, 7, 0, 0, 0, 0, 0, 0, 0, 0, 0, 0, 0, 1, 3, 11
"/Users/tkkwon/Github/2022-11-canto/Canto/contracts/caller.go", "Go", 0, 0, 0, 0, 11, 0, 0, 0, 0, 0, 0, 0, 0, 0, 0, 6, 6, 23
"/Users/tkkwon/Github/2022-11-canto/Canto/contracts/caller.sol", "Solidity", 0, 0, 0, 20, 0, 0, 0, 0, 0, 0, 0, 0, 0, 0, 0, 3, 5, 28
"/Users/tkkwon/Github/2022-11-canto/Canto/contracts/compiled_contracts/ERC20Burnable.json", "JSON", 0, 0, 0, 0, 0, 5, 0, 0, 0, 0, 0, 0, 0, 0, 0, 0, 1, 6
"/Users/tkkwon/Github/2022-11-canto/Canto/contracts/compiled_contracts/ERC20DirectBalanceManipulation.json", "JSON", 0, 0, 0, 0, 0, 5, 0, 0, 0, 0, 0, 0, 0, 0, 0, 0, 1, 6
"/Users/tkkwon/Github/2022-11-canto/Canto/contracts/compiled_contracts/ERC20MaliciousDelayed.json", "JSON", 0, 0, 0, 0, 0, 5, 0, 0, 0, 0, 0, 0, 0, 0, 0, 0, 1, 6
"/Users/tkkwon/Github/2022-11-canto/Canto/contracts/compiled_contracts/ERC20MinterBurnerDecimals.json", "JSON", 0, 0, 0, 0, 0, 5, 0, 0, 0, 0, 0, 0, 0, 0, 0, 0, 1, 6
"/Users/tkkwon/Github/2022-11-canto/Canto/contracts/compiled_contracts/ProposalStore.json", "JSON", 0, 0, 0, 0, 0, 4, 0, 0, 0, 0, 0, 0, 0, 0, 0, 0, 1, 5
"/Users/tkkwon/Github/2022-11-canto/Canto/contracts/compiled_contracts/callee.json", "JSON", 0, 0, 0, 0, 0, 5, 0, 0, 0, 0, 0, 0, 0, 0, 0, 0, 2, 7
"/Users/tkkwon/Github/2022-11-canto/Canto/contracts/compiled_contracts/caller.json", "JSON", 0, 0, 0, 0, 0, 5, 0, 0, 0, 0, 0, 0, 0, 0, 0, 0, 1, 6
"/Users/tkkwon/Github/2022-11-canto/Canto/contracts/compiled_contracts/turnstile.json", "JSON", 0, 0, 0, 0, 0, 5, 0, 0, 0, 0, 0, 0, 0, 0, 0, 0, 2, 7
"/Users/tkkwon/Github/2022-11-canto/Canto/contracts/csr.go", "Go", 0, 0, 0, 0, 19, 0, 0, 0, 0, 0, 0, 0, 0, 0, 0, 1, 6, 26
"/Users/tkkwon/Github/2022-11-canto/Canto/contracts/erc20.go", "Go", 0, 0, 0, 0, 23, 0, 0, 0, 0, 0, 0, 0, 0, 0, 0, 3, 10, 36
"/Users/tkkwon/Github/2022-11-canto/Canto/contracts/erc20DirectBalanceManipulation.go", "Go", 0, 0, 0, 0, 23, 0, 0, 0, 0, 0, 0, 0, 0, 0, 0, 5, 10, 38
"/Users/tkkwon/Github/2022-11-canto/Canto/contracts/erc20burnable.go", "Go", 0, 0, 0, 0, 16, 0, 0, 0, 0, 0, 0, 0, 0, 0, 0, 2, 6, 24
"/Users/tkkwon/Github/2022-11-canto/Canto/contracts/erc20maliciousdelayed.go", "Go", 0, 0, 0, 0, 23, 0, 0, 0, 0, 0, 0, 0, 0, 0, 0, 5, 10, 38
"/Users/tkkwon/Github/2022-11-canto/Canto/contracts/package-lock.json", "JSON", 0, 0, 0, 0, 0, 13, 0, 0, 0, 0, 0, 0, 0, 0, 0, 0, 1, 14
"/Users/tkkwon/Github/2022-11-canto/Canto/contracts/package.json", "JSON", 0, 0, 0, 0, 0, 26, 0, 0, 0, 0, 0, 0, 0, 0, 0, 0, 1, 27
"/Users/tkkwon/Github/2022-11-canto/Canto/contracts/turnstile.sol", "Solidity", 0, 0, 0, 86, 0, 0, 0, 0, 0, 0, 0, 0, 0, 0, 0, 33, 36, 155
"/Users/tkkwon/Github/2022-11-canto/Canto/crypto/keyring/options.go", "Go", 0, 0, 0, 0, 15, 0, 0, 0, 0, 0, 0, 0, 0, 0, 0, 6, 5, 26
"/Users/tkkwon/Github/2022-11-canto/Canto/go.mod", "Go Module File", 0, 0, 0, 0, 0, 0, 0, 0, 0, 0, 0, 0, 0, 0, 164, 0, 5, 169
"/Users/tkkwon/Github/2022-11-canto/Canto/go.sum", "Go Checksum File", 0, 0, 0, 0, 0, 0, 0, 0, 0, 0, 0, 0, 0, 1307, 0, 0, 1, 1308
"/Users/tkkwon/Github/2022-11-canto/Canto/ibc/module.go", "Go", 0, 0, 0, 0, 93, 0, 0, 0, 0, 0, 0, 0, 0, 0, 0, 20, 14, 127
"/Users/tkkwon/Github/2022-11-canto/Canto/ibc/module_test.go", "Go", 0, 0, 0, 0, 132, 0, 0, 0, 0, 0, 0, 0, 0, 0, 0, 21, 19, 172
"/Users/tkkwon/Github/2022-11-canto/Canto/ibc/testing/README.md", "Markdown", 242, 0, 0, 0, 0, 0, 0, 0, 0, 0, 0, 0, 0, 0, 0, 0, 85, 327
"/Users/tkkwon/Github/2022-11-canto/Canto/ibc/testing/app.go", "Go", 0, 0, 0, 0, 80, 0, 0, 0, 0, 0, 0, 0, 0, 0, 0, 11, 19, 110
"/Users/tkkwon/Github/2022-11-canto/Canto/ibc/testing/chain.go", "Go", 0, 0, 0, 0, 76, 0, 0, 0, 0, 0, 0, 0, 0, 0, 0, 14, 26, 116
"/Users/tkkwon/Github/2022-11-canto/Canto/ibc/testing/coordinator.go", "Go", 0, 0, 0, 0, 26, 0, 0, 0, 0, 0, 0, 0, 0, 0, 0, 3, 11, 40
"/Users/tkkwon/Github/2022-11-canto/Canto/ibc/utils.go", "Go", 0, 0, 0, 0, 40, 0, 0, 0, 0, 0, 0, 0, 0, 0, 0, 13, 12, 65
"/Users/tkkwon/Github/2022-11-canto/Canto/ibc/utils_test.go", "Go", 0, 0, 0, 0, 204, 0, 0, 0, 0, 0, 0, 0, 0, 0, 0, 1, 11, 216
"/Users/tkkwon/Github/2022-11-canto/Canto/init.bat", "Batch", 0, 0, 0, 0, 0, 0, 0, 0, 0, 0, 52, 0, 0, 0, 0, 0, 19, 71
"/Users/tkkwon/Github/2022-11-canto/Canto/init.sh", "Shell Script", 0, 0, 59, 0, 0, 0, 0, 0, 0, 0, 0, 0, 0, 0, 0, 31, 20, 110
"/Users/tkkwon/Github/2022-11-canto/Canto/init_genesis.sh", "Shell Script", 0, 0, 9438, 0, 0, 0, 0, 0, 0, 0, 0, 0, 0, 0, 0, 25, 23, 9486
"/Users/tkkwon/Github/2022-11-canto/Canto/init_testnet.sh", "Shell Script", 0, 0, 63, 0, 0, 0, 0, 0, 0, 0, 0, 0, 0, 0, 0, 20, 19, 102
"/Users/tkkwon/Github/2022-11-canto/Canto/package.json", "JSON", 0, 0, 0, 0, 0, 26, 0, 0, 0, 0, 0, 0, 0, 0, 0, 0, 1, 27
"/Users/tkkwon/Github/2022-11-canto/Canto/proposal/CoinGovernanceMigration-Mainnet.json", "JSON", 0, 0, 0, 0, 0, 7, 0, 0, 0, 0, 0, 0, 0, 0, 0, 0, 1, 8
"/Users/tkkwon/Github/2022-11-canto/Canto/proposal/GovernanceMigration-Mainnet.json", "JSON", 0, 0, 0, 0, 0, 7, 0, 0, 0, 0, 0, 0, 0, 0, 0, 0, 1, 8
"/Users/tkkwon/Github/2022-11-canto/Canto/proposal/GovernanceMigration.json", "JSON", 0, 0, 0, 0, 0, 7, 0, 0, 0, 0, 0, 0, 0, 0, 0, 0, 1, 8
"/Users/tkkwon/Github/2022-11-canto/Canto/proposal/LpGovernanceMigration.json", "JSON", 0, 0, 0, 0, 0, 7, 0, 0, 0, 0, 0, 0, 0, 0, 0, 0, 1, 8
"/Users/tkkwon/Github/2022-11-canto/Canto/proposal/MaxGasPerBlock.json", "JSON", 0, 0, 0, 0, 0, 12, 0, 0, 0, 0, 0, 0, 0, 0, 0, 0, 0, 12
"/Users/tkkwon/Github/2022-11-canto/Canto/proposal/coin.json", "JSON", 0, 0, 0, 0, 0, 18, 0, 0, 0, 0, 0, 0, 0, 0, 0, 0, 1, 19
"/Users/tkkwon/Github/2022-11-canto/Canto/proposal/communityPoolSpend.json", "JSON", 0, 0, 0, 0, 0, 7, 0, 0, 0, 0, 0, 0, 0, 0, 0, 0, 0, 7
"/Users/tkkwon/Github/2022-11-canto/Canto/proposal/emissions.json", "JSON", 0, 0, 0, 0, 0, 7, 0, 0, 0, 0, 0, 0, 0, 0, 0, 0, 0, 7
"/Users/tkkwon/Github/2022-11-canto/Canto/proposal/inflationProp.json", "JSON", 0, 0, 0, 0, 0, 12, 0, 0, 0, 0, 0, 0, 0, 0, 0, 0, 0, 12
"/Users/tkkwon/Github/2022-11-canto/Canto/proposal/metadata.json", "JSON", 0, 0, 0, 0, 0, 7, 0, 0, 0, 0, 0, 0, 0, 0, 0, 0, 1, 8
"/Users/tkkwon/Github/2022-11-canto/Canto/proposal/prop.json", "JSON", 0, 0, 0, 0, 0, 18, 0, 0, 0, 0, 0, 0, 0, 0, 0, 0, 2, 20
"/Users/tkkwon/Github/2022-11-canto/Canto/proposal/testProp.json", "JSON", 0, 0, 0, 0, 0, 7, 0, 0, 0, 0, 0, 0, 0, 0, 0, 0, 1, 8
"/Users/tkkwon/Github/2022-11-canto/Canto/proposal/treasury.json", "JSON", 0, 0, 0, 0, 0, 6, 0, 0, 0, 0, 0, 0, 0, 0, 0, 0, 2, 8
"/Users/tkkwon/Github/2022-11-canto/Canto/proto/buf.yaml", "YAML", 0, 0, 0, 0, 0, 0, 0, 0, 0, 19, 0, 0, 0, 0, 0, 0, 0, 19
"/Users/tkkwon/Github/2022-11-canto/Canto/scripts/integration-test-all.sh", "Shell Script", 0, 0, 137, 0, 0, 0, 0, 0, 0, 0, 0, 0, 0, 0, 0, 12, 32, 181
"/Users/tkkwon/Github/2022-11-canto/Canto/scripts/proto-tools-installer.sh", "Shell Script", 0, 0, 125, 0, 0, 0, 0, 0, 0, 0, 0, 0, 0, 0, 0, 1, 30, 156
"/Users/tkkwon/Github/2022-11-canto/Canto/scripts/protoc-swagger-gen.sh", "Shell Script", 0, 0, 17, 0, 0, 0, 0, 0, 0, 0, 0, 0, 0, 0, 0, 8, 7, 32
"/Users/tkkwon/Github/2022-11-canto/Canto/scripts/protocgen.sh", "Shell Script", 0, 0, 28, 0, 0, 0, 0, 0, 0, 0, 0, 0, 0, 0, 0, 11, 17, 56
"/Users/tkkwon/Github/2022-11-canto/Canto/scripts/start-docker.sh", "Shell Script", 0, 0, 24, 0, 0, 0, 0, 0, 0, 0, 0, 0, 0, 0, 0, 1, 4, 29
"/Users/tkkwon/Github/2022-11-canto/Canto/testutil/fund.go", "Go", 0, 0, 0, 0, 18, 0, 0, 0, 0, 0, 0, 0, 0, 0, 0, 6, 6, 30
"/Users/tkkwon/Github/2022-11-canto/Canto/testutil/network/doc.go", "Go", 0, 0, 0, 0, 1, 0, 0, 0, 0, 0, 0, 0, 0, 0, 0, 64, 1, 66
"/Users/tkkwon/Github/2022-11-canto/Canto/testutil/network/network.go", "Go", 0, 0, 0, 0, 550, 0, 0, 0, 0, 0, 0, 0, 0, 0, 0, 49, 96, 695
"/Users/tkkwon/Github/2022-11-canto/Canto/testutil/network/network_test.go", "Go", 0, 0, 0, 0, 46, 0, 0, 0, 0, 0, 0, 0, 0, 0, 0, 2, 17, 65
"/Users/tkkwon/Github/2022-11-canto/Canto/testutil/network/util.go", "Go", 0, 0, 0, 0, 196, 0, 0, 0, 0, 0, 0, 0, 0, 0, 0, 7, 60, 263
"/Users/tkkwon/Github/2022-11-canto/Canto/third_party/proto/buf.yaml", "YAML", 0, 0, 0, 0, 0, 0, 0, 0, 0, 36, 0, 0, 0, 0, 0, 0, 0, 36
"/Users/tkkwon/Github/2022-11-canto/Canto/types/errors.go", "Go", 0, 0, 0, 0, 11, 0, 0, 0, 0, 0, 0, 0, 0, 0, 0, 3, 5, 19
"/Users/tkkwon/Github/2022-11-canto/Canto/types/utils.go", "Go", 0, 0, 0, 0, 55, 0, 0, 0, 0, 0, 0, 0, 0, 0, 0, 13, 14, 82
"/Users/tkkwon/Github/2022-11-canto/Canto/types/utils_test.go", "Go", 0, 0, 0, 0, 120, 0, 0, 0, 0, 0, 0, 0, 0, 0, 0, 0, 10, 130
"/Users/tkkwon/Github/2022-11-canto/Canto/version/version.go", "Go", 0, 0, 0, 0, 29, 0, 0, 0, 0, 0, 0, 0, 0, 0, 0, 0, 7, 36
"/Users/tkkwon/Github/2022-11-canto/Canto/x/csr/client/cli/query.go", "Go", 0, 0, 0, 0, 143, 0, 0, 0, 0, 0, 0, 0, 0, 0, 0, 14, 38, 195
"/Users/tkkwon/Github/2022-11-canto/Canto/x/csr/client/cli/tx.go", "Go", 0, 0, 0, 0, 17, 0, 0, 0, 0, 0, 0, 0, 0, 0, 0, 2, 5, 24
"/Users/tkkwon/Github/2022-11-canto/Canto/x/csr/genesis.go", "Go", 0, 0, 0, 0, 18, 0, 0, 0, 0, 0, 0, 0, 0, 0, 0, 6, 5, 29
"/Users/tkkwon/Github/2022-11-canto/Canto/x/csr/handler.go", "Go", 0, 0, 0, 0, 14, 0, 0, 0, 0, 0, 0, 0, 0, 0, 0, 2, 4, 20
"/Users/tkkwon/Github/2022-11-canto/Canto/x/csr/keeper/begin_block_test.go", "Go", 0, 0, 0, 0, 16, 0, 0, 0, 0, 0, 0, 0, 0, 0, 0, 7, 7, 30
"/Users/tkkwon/Github/2022-11-canto/Canto/x/csr/keeper/csr.go", "Go", 0, 0, 0, 0, 59, 0, 0, 0, 0, 0, 0, 0, 0, 0, 0, 17, 14, 90
"/Users/tkkwon/Github/2022-11-canto/Canto/x/csr/keeper/csr_test.go", "Go", 0, 0, 0, 0, 58, 0, 0, 0, 0, 0, 0, 0, 0, 0, 0, 13, 15, 86
"/Users/tkkwon/Github/2022-11-canto/Canto/x/csr/keeper/errors.go", "Go", 0, 0, 0, 0, 16, 0, 0, 0, 0, 0, 0, 0, 0, 0, 0, 2, 4, 22
"/Users/tkkwon/Github/2022-11-canto/Canto/x/csr/keeper/event_handler.go", "Go", 0, 0, 0, 0, 71, 0, 0, 0, 0, 0, 0, 0, 0, 0, 0, 25, 15, 111
"/Users/tkkwon/Github/2022-11-canto/Canto/x/csr/keeper/event_handler_test.go", "Go", 0, 0, 0, 0, 184, 0, 0, 0, 0, 0, 0, 0, 0, 0, 0, 22, 13, 219
"/Users/tkkwon/Github/2022-11-canto/Canto/x/csr/keeper/evm.go", "Go", 0, 0, 0, 0, 105, 0, 0, 0, 0, 0, 0, 0, 0, 0, 0, 28, 21, 154
"/Users/tkkwon/Github/2022-11-canto/Canto/x/csr/keeper/evm_hook_test.go", "Go", 0, 0, 0, 0, 480, 0, 0, 0, 0, 0, 0, 0, 0, 0, 0, 25, 49, 554
"/Users/tkkwon/Github/2022-11-canto/Canto/x/csr/keeper/evm_hooks.go", "Go", 0, 0, 0, 0, 91, 0, 0, 0, 0, 0, 0, 0, 0, 0, 0, 22, 23, 136
"/Users/tkkwon/Github/2022-11-canto/Canto/x/csr/keeper/evm_test.go", "Go", 0, 0, 0, 0, 112, 0, 0, 0, 0, 0, 0, 0, 0, 0, 0, 23, 13, 148
"/Users/tkkwon/Github/2022-11-canto/Canto/x/csr/keeper/grpc_query.go", "Go", 0, 0, 0, 0, 86, 0, 0, 0, 0, 0, 0, 0, 0, 0, 0, 7, 21, 114
"/Users/tkkwon/Github/2022-11-canto/Canto/x/csr/keeper/grpc_query_test.go", "Go", 0, 0, 0, 0, 281, 0, 0, 0, 0, 0, 0, 0, 0, 0, 0, 8, 35, 324
"/Users/tkkwon/Github/2022-11-canto/Canto/x/csr/keeper/integration_test.go", "Go", 0, 0, 0, 0, 117, 0, 0, 0, 0, 0, 0, 0, 0, 0, 0, 30, 38, 185
"/Users/tkkwon/Github/2022-11-canto/Canto/x/csr/keeper/keeper.go", "Go", 0, 0, 0, 0, 45, 0, 0, 0, 0, 0, 0, 0, 0, 0, 0, 1, 9, 55
"/Users/tkkwon/Github/2022-11-canto/Canto/x/csr/keeper/keeper_test.go", "Go", 0, 0, 0, 0, 245, 0, 0, 0, 0, 0, 0, 0, 0, 0, 0, 25, 49, 319
"/Users/tkkwon/Github/2022-11-canto/Canto/x/csr/keeper/params.go", "Go", 0, 0, 0, 0, 15, 0, 0, 0, 0, 0, 0, 0, 0, 0, 0, 2, 5, 22
"/Users/tkkwon/Github/2022-11-canto/Canto/x/csr/keeper/params_test.go", "Go", 0, 0, 0, 0, 10, 0, 0, 0, 0, 0, 0, 0, 0, 0, 0, 3, 3, 16
"/Users/tkkwon/Github/2022-11-canto/Canto/x/csr/keeper/test_contracts/compiled_contracts/csrSmartContract.json", "JSON", 0, 0, 0, 0, 0, 5, 0, 0, 0, 0, 0, 0, 0, 0, 0, 0, 0, 5
"/Users/tkkwon/Github/2022-11-canto/Canto/x/csr/keeper/test_contracts/compiled_contracts/factoryContract.json", "JSON", 0, 0, 0, 0, 0, 5, 0, 0, 0, 0, 0, 0, 0, 0, 0, 0, 0, 5
"/Users/tkkwon/Github/2022-11-canto/Canto/x/csr/keeper/test_contracts/compiled_contracts/testDeploy.json", "JSON", 0, 0, 0, 0, 0, 5, 0, 0, 0, 0, 0, 0, 0, 0, 0, 0, 1, 6
"/Users/tkkwon/Github/2022-11-canto/Canto/x/csr/keeper/test_contracts/csrSmartContract.sol", "Solidity", 0, 0, 0, 14, 0, 0, 0, 0, 0, 0, 0, 0, 0, 0, 0, 1, 7, 22
"/Users/tkkwon/Github/2022-11-canto/Canto/x/csr/keeper/test_contracts/factoryContract.sol", "Solidity", 0, 0, 0, 22, 0, 0, 0, 0, 0, 0, 0, 0, 0, 0, 0, 1, 7, 30
"/Users/tkkwon/Github/2022-11-canto/Canto/x/csr/keeper/test_contracts/testDeploy.sol", "Solidity", 0, 0, 0, 31, 0, 0, 0, 0, 0, 0, 0, 0, 0, 0, 0, 12, 7, 50
"/Users/tkkwon/Github/2022-11-canto/Canto/x/csr/keeper/test_contracts/turnstile.sol", "Solidity", 0, 0, 0, 86, 0, 0, 0, 0, 0, 0, 0, 0, 0, 0, 0, 33, 36, 155
"/Users/tkkwon/Github/2022-11-canto/Canto/x/csr/module.go", "Go", 0, 0, 0, 0, 116, 0, 0, 0, 0, 0, 0, 0, 0, 0, 0, 36, 36, 188
"/Users/tkkwon/Github/2022-11-canto/Canto/x/csr/types/codec.go", "Go", 0, 0, 0, 0, 18, 0, 0, 0, 0, 0, 0, 0, 0, 0, 0, 3, 6, 27
"/Users/tkkwon/Github/2022-11-canto/Canto/x/csr/types/csr.go", "Go", 0, 0, 0, 0, 31, 0, 0, 0, 0, 0, 0, 0, 0, 0, 0, 5, 6, 42
"/Users/tkkwon/Github/2022-11-canto/Canto/x/csr/types/csr.pb.go", "Go", 0, 0, 0, 0, 415, 0, 0, 0, 0, 0, 0, 0, 0, 0, 0, 13, 21, 449
"/Users/tkkwon/Github/2022-11-canto/Canto/x/csr/types/csr_test.go", "Go", 0, 0, 0, 0, 72, 0, 0, 0, 0, 0, 0, 0, 0, 0, 0, 1, 8, 81
"/Users/tkkwon/Github/2022-11-canto/Canto/x/csr/types/errors.go", "Go", 0, 0, 0, 0, 10, 0, 0, 0, 0, 0, 0, 0, 0, 0, 0, 1, 3, 14
"/Users/tkkwon/Github/2022-11-canto/Canto/x/csr/types/events.go", "Go", 0, 0, 0, 0, 18, 0, 0, 0, 0, 0, 0, 0, 0, 0, 0, 2, 6, 26
"/Users/tkkwon/Github/2022-11-canto/Canto/x/csr/types/genesis.go", "Go", 0, 0, 0, 0, 10, 0, 0, 0, 0, 0, 0, 0, 0, 0, 0, 4, 4, 18
"/Users/tkkwon/Github/2022-11-canto/Canto/x/csr/types/genesis.pb.go", "Go", 0, 0, 0, 0, 294, 0, 0, 0, 0, 0, 0, 0, 0, 0, 0, 10, 19, 323
"/Users/tkkwon/Github/2022-11-canto/Canto/x/csr/types/genesis_test.go", "Go", 0, 0, 0, 0, 37, 0, 0, 0, 0, 0, 0, 0, 0, 0, 0, 1, 9, 47
"/Users/tkkwon/Github/2022-11-canto/Canto/x/csr/types/interfaces.go", "Go", 0, 0, 0, 0, 22, 0, 0, 0, 0, 0, 0, 0, 0, 0, 0, 3, 8, 33
"/Users/tkkwon/Github/2022-11-canto/Canto/x/csr/types/keys.go", "Go", 0, 0, 0, 0, 25, 0, 0, 0, 0, 0, 0, 0, 0, 0, 0, 9, 10, 44
"/Users/tkkwon/Github/2022-11-canto/Canto/x/csr/types/params.go", "Go", 0, 0, 0, 0, 59, 0, 0, 0, 0, 0, 0, 0, 0, 0, 0, 6, 17, 82
"/Users/tkkwon/Github/2022-11-canto/Canto/x/csr/types/params.pb.go", "Go", 0, 0, 0, 0, 332, 0, 0, 0, 0, 0, 0, 0, 0, 0, 0, 11, 19, 362
"/Users/tkkwon/Github/2022-11-canto/Canto/x/csr/types/params_test.go", "Go", 0, 0, 0, 0, 73, 0, 0, 0, 0, 0, 0, 0, 0, 0, 0, 0, 8, 81
"/Users/tkkwon/Github/2022-11-canto/Canto/x/csr/types/query.pb.go", "Go", 0, 0, 0, 0, 1939, 0, 0, 0, 0, 0, 0, 0, 0, 0, 0, 41, 119, 2099
"/Users/tkkwon/Github/2022-11-canto/Canto/x/csr/types/query.pb.gw.go", "Go", 0, 0, 0, 0, 382, 0, 0, 0, 0, 0, 0, 0, 0, 0, 0, 21, 101, 504
"/Users/tkkwon/Github/2022-11-canto/Canto/x/epochs/client/cli/query.go", "Go", 0, 0, 0, 0, 85, 0, 0, 0, 0, 0, 0, 0, 0, 0, 0, 5, 20, 110
"/Users/tkkwon/Github/2022-11-canto/Canto/x/epochs/genesis.go", "Go", 0, 0, 0, 0, 21, 0, 0, 0, 0, 0, 0, 0, 0, 0, 0, 5, 8, 34
"/Users/tkkwon/Github/2022-11-canto/Canto/x/epochs/genesis_test.go", "Go", 0, 0, 0, 0, 96, 0, 0, 0, 0, 0, 0, 0, 0, 0, 0, 5, 16, 117
"/Users/tkkwon/Github/2022-11-canto/Canto/x/epochs/keeper/abci.go", "Go", 0, 0, 0, 0, 45, 0, 0, 0, 0, 0, 0, 0, 0, 0, 0, 3, 17, 65
"/Users/tkkwon/Github/2022-11-canto/Canto/x/epochs/keeper/abci_test.go", "Go", 0, 0, 0, 0, 183, 0, 0, 0, 0, 0, 0, 0, 0, 0, 0, 12, 20, 215
"/Users/tkkwon/Github/2022-11-canto/Canto/x/epochs/keeper/epoch_infos.go", "Go", 0, 0, 0, 0, 48, 0, 0, 0, 0, 0, 0, 0, 0, 0, 0, 5, 14, 67
"/Users/tkkwon/Github/2022-11-canto/Canto/x/epochs/keeper/epoch_infos_test.go", "Go", 0, 0, 0, 0, 25, 0, 0, 0, 0, 0, 0, 0, 0, 0, 0, 0, 6, 31
"/Users/tkkwon/Github/2022-11-canto/Canto/x/epochs/keeper/grpc_query.go", "Go", 0, 0, 0, 0, 53, 0, 0, 0, 0, 0, 0, 0, 0, 0, 0, 2, 14, 69
"/Users/tkkwon/Github/2022-11-canto/Canto/x/epochs/keeper/grpc_query_test.go", "Go", 0, 0, 0, 0, 178, 0, 0, 0, 0, 0, 0, 0, 0, 0, 0, 0, 17, 195
"/Users/tkkwon/Github/2022-11-canto/Canto/x/epochs/keeper/hooks.go", "Go", 0, 0, 0, 0, 26, 0, 0, 0, 0, 0, 0, 0, 0, 0, 0, 7, 9, 42
"/Users/tkkwon/Github/2022-11-canto/Canto/x/epochs/keeper/keeper.go", "Go", 0, 0, 0, 0, 29, 0, 0, 0, 0, 0, 0, 0, 0, 0, 0, 4, 10, 43
"/Users/tkkwon/Github/2022-11-canto/Canto/x/epochs/keeper/keeper_test.go", "Go", 0, 0, 0, 0, 92, 0, 0, 0, 0, 0, 0, 0, 0, 0, 0, 7, 23, 122
"/Users/tkkwon/Github/2022-11-canto/Canto/x/epochs/module.go", "Go", 0, 0, 0, 0, 114, 0, 0, 0, 0, 0, 0, 0, 0, 0, 0, 42, 44, 200
"/Users/tkkwon/Github/2022-11-canto/Canto/x/epochs/types/codec.go", "Go", 0, 0, 0, 0, 6, 0, 0, 0, 0, 0, 0, 0, 0, 0, 0, 0, 3, 9
"/Users/tkkwon/Github/2022-11-canto/Canto/x/epochs/types/epoch_info.go", "Go", 0, 0, 0, 0, 30, 0, 0, 0, 0, 0, 0, 0, 0, 0, 0, 3, 5, 38
"/Users/tkkwon/Github/2022-11-canto/Canto/x/epochs/types/epoch_info_test.go", "Go", 0, 0, 0, 0, 105, 0, 0, 0, 0, 0, 0, 0, 0, 0, 0, 0, 11, 116
"/Users/tkkwon/Github/2022-11-canto/Canto/x/epochs/types/events.go", "Go", 0, 0, 0, 0, 7, 0, 0, 0, 0, 0, 0, 0, 0, 0, 0, 1, 3, 11
"/Users/tkkwon/Github/2022-11-canto/Canto/x/epochs/types/genesis.go", "Go", 0, 0, 0, 0, 44, 0, 0, 0, 0, 0, 0, 0, 0, 0, 0, 4, 7, 55
"/Users/tkkwon/Github/2022-11-canto/Canto/x/epochs/types/genesis.pb.go", "Go", 0, 0, 0, 0, 744, 0, 0, 0, 0, 0, 0, 0, 0, 0, 0, 9, 34, 787
"/Users/tkkwon/Github/2022-11-canto/Canto/x/epochs/types/genesis_test.go", "Go", 0, 0, 0, 0, 116, 0, 0, 0, 0, 0, 0, 0, 0, 0, 0, 0, 8, 124
"/Users/tkkwon/Github/2022-11-canto/Canto/x/epochs/types/identifier.go", "Go", 0, 0, 0, 0, 27, 0, 0, 0, 0, 0, 0, 0, 0, 0, 0, 7, 6, 40
"/Users/tkkwon/Github/2022-11-canto/Canto/x/epochs/types/identifier_test.go", "Go", 0, 0, 0, 0, 47, 0, 0, 0, 0, 0, 0, 0, 0, 0, 0, 0, 8, 55
"/Users/tkkwon/Github/2022-11-canto/Canto/x/epochs/types/interfaces.go", "Go", 0, 0, 0, 0, 6, 0, 0, 0, 0, 0, 0, 0, 0, 0, 0, 3, 3, 12
"/Users/tkkwon/Github/2022-11-canto/Canto/x/epochs/types/keys.go", "Go", 0, 0, 0, 0, 10, 0, 0, 0, 0, 0, 0, 0, 0, 0, 0, 5, 6, 21
"/Users/tkkwon/Github/2022-11-canto/Canto/x/epochs/types/query.pb.go", "Go", 0, 0, 0, 0, 955, 0, 0, 0, 0, 0, 0, 0, 0, 0, 0, 20, 61, 1036
"/Users/tkkwon/Github/2022-11-canto/Canto/x/epochs/types/query.pb.gw.go", "Go", 0, 0, 0, 0, 188, 0, 0, 0, 0, 0, 0, 0, 0, 0, 0, 21, 46, 255
"/Users/tkkwon/Github/2022-11-canto/Canto/x/erc20/client/cli/query.go", "Go", 0, 0, 0, 0, 100, 0, 0, 0, 0, 0, 0, 0, 0, 0, 0, 4, 25, 129
"/Users/tkkwon/Github/2022-11-canto/Canto/x/erc20/client/cli/tx.go", "Go", 0, 0, 0, 0, 298, 0, 0, 0, 0, 0, 0, 0, 0, 0, 0, 6, 60, 364
"/Users/tkkwon/Github/2022-11-canto/Canto/x/erc20/client/cli/utils.go", "Go", 0, 0, 0, 0, 18, 0, 0, 0, 0, 0, 0, 0, 0, 0, 0, 1, 7, 26
"/Users/tkkwon/Github/2022-11-canto/Canto/x/erc20/client/proposal_handler.go", "Go", 0, 0, 0, 0, 11, 0, 0, 0, 0, 0, 0, 0, 0, 0, 0, 0, 4, 15
"/Users/tkkwon/Github/2022-11-canto/Canto/x/erc20/client/rest/rest.go", "Go", 0, 0, 0, 0, 126, 0, 0, 0, 0, 0, 0, 0, 0, 0, 0, 6, 31, 163
"/Users/tkkwon/Github/2022-11-canto/Canto/x/erc20/genesis.go", "Go", 0, 0, 0, 0, 30, 0, 0, 0, 0, 0, 0, 0, 0, 0, 0, 4, 7, 41
"/Users/tkkwon/Github/2022-11-canto/Canto/x/erc20/genesis_test.go", "Go", 0, 0, 0, 0, 136, 0, 0, 0, 0, 0, 0, 0, 0, 0, 0, 2, 20, 158
"/Users/tkkwon/Github/2022-11-canto/Canto/x/erc20/handler.go", "Go", 0, 0, 0, 0, 22, 0, 0, 0, 0, 0, 0, 0, 0, 0, 0, 1, 5, 28
"/Users/tkkwon/Github/2022-11-canto/Canto/x/erc20/keeper/evm.go", "Go", 0, 0, 0, 0, 195, 0, 0, 0, 0, 0, 0, 0, 0, 0, 0, 11, 35, 241
"/Users/tkkwon/Github/2022-11-canto/Canto/x/erc20/keeper/evm_hooks.go", "Go", 0, 0, 0, 0, 103, 0, 0, 0, 0, 0, 0, 0, 0, 0, 0, 30, 25, 158
"/Users/tkkwon/Github/2022-11-canto/Canto/x/erc20/keeper/evm_hooks_test.go", "Go", 0, 0, 0, 0, 364, 0, 0, 0, 0, 0, 0, 0, 0, 0, 0, 16, 52, 432
"/Users/tkkwon/Github/2022-11-canto/Canto/x/erc20/keeper/evm_test.go", "Go", 0, 0, 0, 0, 358, 0, 0, 0, 0, 0, 0, 0, 0, 0, 0, 0, 26, 384
"/Users/tkkwon/Github/2022-11-canto/Canto/x/erc20/keeper/grpc_query.go", "Go", 0, 0, 0, 0, 63, 0, 0, 0, 0, 0, 0, 0, 0, 0, 0, 5, 18, 86
"/Users/tkkwon/Github/2022-11-canto/Canto/x/erc20/keeper/grpc_query_test.go", "Go", 0, 0, 0, 0, 153, 0, 0, 0, 0, 0, 0, 0, 0, 0, 0, 0, 18, 171
"/Users/tkkwon/Github/2022-11-canto/Canto/x/erc20/keeper/integration_test.go", "Go", 0, 0, 0, 0, 235, 0, 0, 0, 0, 0, 0, 0, 0, 0, 0, 8, 53, 296
"/Users/tkkwon/Github/2022-11-canto/Canto/x/erc20/keeper/keeper.go", "Go", 0, 0, 0, 0, 40, 0, 0, 0, 0, 0, 0, 0, 0, 0, 0, 4, 9, 53
"/Users/tkkwon/Github/2022-11-canto/Canto/x/erc20/keeper/keeper_test.go", "Go", 0, 0, 0, 0, 437, 0, 0, 0, 0, 0, 0, 0, 0, 0, 0, 15, 94, 546
"/Users/tkkwon/Github/2022-11-canto/Canto/x/erc20/keeper/migrations.go", "Go", 0, 0, 0, 0, 18, 0, 0, 0, 0, 0, 0, 0, 0, 0, 0, 3, 7, 28
"/Users/tkkwon/Github/2022-11-canto/Canto/x/erc20/keeper/mint.go", "Go", 0, 0, 0, 0, 48, 0, 0, 0, 0, 0, 0, 0, 0, 0, 0, 8, 11, 67
"/Users/tkkwon/Github/2022-11-canto/Canto/x/erc20/keeper/mint_test.go", "Go", 0, 0, 0, 0, 101, 0, 0, 0, 0, 0, 0, 0, 0, 0, 0, 0, 12, 113
"/Users/tkkwon/Github/2022-11-canto/Canto/x/erc20/keeper/msg_server.go", "Go", 0, 0, 0, 0, 396, 0, 0, 0, 0, 0, 0, 0, 0, 0, 0, 62, 68, 526
"/Users/tkkwon/Github/2022-11-canto/Canto/x/erc20/keeper/msg_server_test.go", "Go", 0, 0, 0, 0, 1203, 0, 0, 0, 0, 0, 0, 0, 0, 0, 0, 33, 82, 1318
"/Users/tkkwon/Github/2022-11-canto/Canto/x/erc20/keeper/params.go", "Go", 0, 0, 0, 0, 12, 0, 0, 0, 0, 0, 0, 0, 0, 0, 0, 2, 5, 19
"/Users/tkkwon/Github/2022-11-canto/Canto/x/erc20/keeper/params_test.go", "Go", 0, 0, 0, 0, 10, 0, 0, 0, 0, 0, 0, 0, 0, 0, 0, 0, 3, 13
"/Users/tkkwon/Github/2022-11-canto/Canto/x/erc20/keeper/proposals.go", "Go", 0, 0, 0, 0, 162, 0, 0, 0, 0, 0, 0, 0, 0, 0, 0, 23, 32, 217
"/Users/tkkwon/Github/2022-11-canto/Canto/x/erc20/keeper/proposals_test.go", "Go", 0, 0, 0, 0, 426, 0, 0, 0, 0, 0, 0, 0, 0, 0, 0, 11, 35, 472
"/Users/tkkwon/Github/2022-11-canto/Canto/x/erc20/keeper/token_pairs.go", "Go", 0, 0, 0, 0, 91, 0, 0, 0, 0, 0, 0, 0, 0, 0, 0, 15, 24, 130
"/Users/tkkwon/Github/2022-11-canto/Canto/x/erc20/keeper/token_pairs_test.go", "Go", 0, 0, 0, 0, 209, 0, 0, 0, 0, 0, 0, 0, 0, 0, 0, 0, 26, 235
"/Users/tkkwon/Github/2022-11-canto/Canto/x/erc20/migrations/v2/migration.go", "Go", 0, 0, 0, 0, 15, 0, 0, 0, 0, 0, 0, 0, 0, 0, 0, 2, 5, 22
"/Users/tkkwon/Github/2022-11-canto/Canto/x/erc20/migrations/v2/migration_test.go", "Go", 0, 0, 0, 0, 37, 0, 0, 0, 0, 0, 0, 0, 0, 0, 0, 5, 13, 55
"/Users/tkkwon/Github/2022-11-canto/Canto/x/erc20/module.go", "Go", 0, 0, 0, 0, 128, 0, 0, 0, 0, 0, 0, 0, 0, 0, 0, 15, 39, 182
"/Users/tkkwon/Github/2022-11-canto/Canto/x/erc20/proposal_handler.go", "Go", 0, 0, 0, 0, 65, 0, 0, 0, 0, 0, 0, 0, 0, 0, 0, 1, 12, 78
"/Users/tkkwon/Github/2022-11-canto/Canto/x/erc20/types/codec.go", "Go", 0, 0, 0, 0, 39, 0, 0, 0, 0, 0, 0, 0, 0, 0, 0, 12, 10, 61
"/Users/tkkwon/Github/2022-11-canto/Canto/x/erc20/types/erc20.pb.go", "Go", 0, 0, 0, 0, 1305, 0, 0, 0, 0, 0, 0, 0, 0, 0, 0, 34, 63, 1402
"/Users/tkkwon/Github/2022-11-canto/Canto/x/erc20/types/errors.go", "Go", 0, 0, 0, 0, 18, 0, 0, 0, 0, 0, 0, 0, 0, 0, 0, 1, 3, 22
"/Users/tkkwon/Github/2022-11-canto/Canto/x/erc20/types/events.go", "Go", 0, 0, 0, 0, 25, 0, 0, 0, 0, 0, 0, 0, 0, 0, 0, 2, 7, 34
"/Users/tkkwon/Github/2022-11-canto/Canto/x/erc20/types/evm.go", "Go", 0, 0, 0, 0, 22, 0, 0, 0, 0, 0, 0, 0, 0, 0, 0, 6, 6, 34
"/Users/tkkwon/Github/2022-11-canto/Canto/x/erc20/types/evm_test.go", "Go", 0, 0, 0, 0, 10, 0, 0, 0, 0, 0, 0, 0, 0, 0, 0, 0, 4, 14
"/Users/tkkwon/Github/2022-11-canto/Canto/x/erc20/types/genesis.go", "Go", 0, 0, 0, 0, 31, 0, 0, 0, 0, 0, 0, 0, 0, 0, 0, 5, 9, 45
"/Users/tkkwon/Github/2022-11-canto/Canto/x/erc20/types/genesis.pb.go", "Go", 0, 0, 0, 0, 553, 0, 0, 0, 0, 0, 0, 0, 0, 0, 0, 16, 30, 599
"/Users/tkkwon/Github/2022-11-canto/Canto/x/erc20/types/genesis_test.go", "Go", 0, 0, 0, 0, 139, 0, 0, 0, 0, 0, 0, 0, 0, 0, 0, 1, 9, 149
"/Users/tkkwon/Github/2022-11-canto/Canto/x/erc20/types/interfaces.go", "Go", 0, 0, 0, 0, 33, 0, 0, 0, 0, 0, 0, 0, 0, 0, 0, 3, 8, 44
"/Users/tkkwon/Github/2022-11-canto/Canto/x/erc20/types/keys.go", "Go", 0, 0, 0, 0, 24, 0, 0, 0, 0, 0, 0, 0, 0, 0, 0, 7, 9, 40
"/Users/tkkwon/Github/2022-11-canto/Canto/x/erc20/types/msg.go", "Go", 0, 0, 0, 0, 82, 0, 0, 0, 0, 0, 0, 0, 0, 0, 0, 12, 18, 112
"/Users/tkkwon/Github/2022-11-canto/Canto/x/erc20/types/msg_test.go", "Go", 0, 0, 0, 0, 227, 0, 0, 0, 0, 0, 0, 0, 0, 0, 0, 0, 21, 248
"/Users/tkkwon/Github/2022-11-canto/Canto/x/erc20/types/params.go", "Go", 0, 0, 0, 0, 42, 0, 0, 0, 0, 0, 0, 0, 0, 0, 0, 4, 12, 58
"/Users/tkkwon/Github/2022-11-canto/Canto/x/erc20/types/params_test.go", "Go", 0, 0, 0, 0, 46, 0, 0, 0, 0, 0, 0, 0, 0, 0, 0, 0, 10, 56
"/Users/tkkwon/Github/2022-11-canto/Canto/x/erc20/types/proposal.go", "Go", 0, 0, 0, 0, 111, 0, 0, 0, 0, 0, 0, 0, 0, 0, 0, 25, 31, 167
"/Users/tkkwon/Github/2022-11-canto/Canto/x/erc20/types/proposal_test.go", "Go", 0, 0, 0, 0, 238, 0, 0, 0, 0, 0, 0, 0, 0, 0, 0, 12, 30, 280
"/Users/tkkwon/Github/2022-11-canto/Canto/x/erc20/types/query.pb.go", "Go", 0, 0, 0, 0, 1284, 0, 0, 0, 0, 0, 0, 0, 0, 0, 0, 36, 80, 1400
"/Users/tkkwon/Github/2022-11-canto/Canto/x/erc20/types/query.pb.gw.go", "Go", 0, 0, 0, 0, 252, 0, 0, 0, 0, 0, 0, 0, 0, 0, 0, 21, 65, 338
"/Users/tkkwon/Github/2022-11-canto/Canto/x/erc20/types/token_pair.go", "Go", 0, 0, 0, 0, 37, 0, 0, 0, 0, 0, 0, 0, 0, 0, 0, 8, 10, 55
"/Users/tkkwon/Github/2022-11-canto/Canto/x/erc20/types/token_pair_test.go", "Go", 0, 0, 0, 0, 140, 0, 0, 0, 0, 0, 0, 0, 0, 0, 0, 2, 18, 160
"/Users/tkkwon/Github/2022-11-canto/Canto/x/erc20/types/tx.pb.go", "Go", 0, 0, 0, 0, 1042, 0, 0, 0, 0, 0, 0, 0, 0, 0, 0, 37, 62, 1141
"/Users/tkkwon/Github/2022-11-canto/Canto/x/erc20/types/tx.pb.gw.go", "Go", 0, 0, 0, 0, 188, 0, 0, 0, 0, 0, 0, 0, 0, 0, 0, 21, 46, 255
"/Users/tkkwon/Github/2022-11-canto/Canto/x/erc20/types/utils.go", "Go", 0, 0, 0, 0, 62, 0, 0, 0, 0, 0, 0, 0, 0, 0, 0, 8, 14, 84
"/Users/tkkwon/Github/2022-11-canto/Canto/x/erc20/types/utils_test.go", "Go", 0, 0, 0, 0, 241, 0, 0, 0, 0, 0, 0, 0, 0, 0, 0, 0, 9, 250
"/Users/tkkwon/Github/2022-11-canto/Canto/x/fees/client/cli/query.go", "Go", 0, 0, 0, 0, 130, 0, 0, 0, 0, 0, 0, 0, 0, 0, 0, 11, 31, 172
"/Users/tkkwon/Github/2022-11-canto/Canto/x/fees/client/cli/tx.go", "Go", 0, 0, 0, 0, 135, 0, 0, 0, 0, 0, 0, 0, 0, 0, 0, 9, 33, 177
"/Users/tkkwon/Github/2022-11-canto/Canto/x/fees/genesis.go", "Go", 0, 0, 0, 0, 27, 0, 0, 0, 0, 0, 0, 0, 0, 0, 0, 3, 7, 37
"/Users/tkkwon/Github/2022-11-canto/Canto/x/fees/handler.go", "Go", 0, 0, 0, 0, 24, 0, 0, 0, 0, 0, 0, 0, 0, 0, 0, 1, 5, 30
"/Users/tkkwon/Github/2022-11-canto/Canto/x/fees/keeper/evm_hooks.go", "Go", 0, 0, 0, 0, 55, 0, 0, 0, 0, 0, 0, 0, 0, 0, 0, 9, 12, 76
"/Users/tkkwon/Github/2022-11-canto/Canto/x/fees/keeper/fees.go", "Go", 0, 0, 0, 0, 146, 0, 0, 0, 0, 0, 0, 0, 0, 0, 0, 20, 26, 192
"/Users/tkkwon/Github/2022-11-canto/Canto/x/fees/keeper/fees_test.go", "Go", 0, 0, 0, 0, 375, 0, 0, 0, 0, 0, 0, 0, 0, 0, 0, 1, 25, 401
"/Users/tkkwon/Github/2022-11-canto/Canto/x/fees/keeper/grpc_query.go", "Go", 0, 0, 0, 0, 128, 0, 0, 0, 0, 0, 0, 0, 0, 0, 0, 7, 23, 158
"/Users/tkkwon/Github/2022-11-canto/Canto/x/fees/keeper/grpc_query_test.go", "Go", 0, 0, 0, 0, 280, 0, 0, 0, 0, 0, 0, 0, 0, 0, 0, 3, 26, 309
"/Users/tkkwon/Github/2022-11-canto/Canto/x/fees/keeper/integration_test.go", "Go", 0, 0, 0, 0, 810, 0, 0, 0, 0, 0, 0, 0, 0, 0, 0, 30, 140, 980
"/Users/tkkwon/Github/2022-11-canto/Canto/x/fees/keeper/keeper.go", "Go", 0, 0, 0, 0, 40, 0, 0, 0, 0, 0, 0, 0, 0, 0, 0, 5, 9, 54
"/Users/tkkwon/Github/2022-11-canto/Canto/x/fees/keeper/keeper_test.go", "Go", 0, 0, 0, 0, 138, 0, 0, 0, 0, 0, 0, 0, 0, 0, 0, 7, 30, 175
"/Users/tkkwon/Github/2022-11-canto/Canto/x/fees/keeper/msg_server.go", "Go", 0, 0, 0, 0, 132, 0, 0, 0, 0, 0, 0, 0, 0, 0, 0, 10, 27, 169
"/Users/tkkwon/Github/2022-11-canto/Canto/x/fees/keeper/msg_server_test.go", "Go", 0, 0, 0, 0, 205, 0, 0, 0, 0, 0, 0, 0, 0, 0, 0, 9, 11, 225
"/Users/tkkwon/Github/2022-11-canto/Canto/x/fees/keeper/params.go", "Go", 0, 0, 0, 0, 16, 0, 0, 0, 0, 0, 0, 0, 0, 0, 0, 2, 6, 24
"/Users/tkkwon/Github/2022-11-canto/Canto/x/fees/keeper/params_test.go", "Go", 0, 0, 0, 0, 11, 0, 0, 0, 0, 0, 0, 0, 0, 0, 0, 0, 3, 14
"/Users/tkkwon/Github/2022-11-canto/Canto/x/fees/module.go", "Go", 0, 0, 0, 0, 122, 0, 0, 0, 0, 0, 0, 0, 0, 0, 0, 41, 39, 202
"/Users/tkkwon/Github/2022-11-canto/Canto/x/fees/types/codec.go", "Go", 0, 0, 0, 0, 17, 0, 0, 0, 0, 0, 0, 0, 0, 0, 0, 6, 5, 28
"/Users/tkkwon/Github/2022-11-canto/Canto/x/fees/types/codec_test.go", "Go", 0, 0, 0, 0, 25, 0, 0, 0, 0, 0, 0, 0, 0, 0, 0, 0, 8, 33
"/Users/tkkwon/Github/2022-11-canto/Canto/x/fees/types/errors.go", "Go", 0, 0, 0, 0, 7, 0, 0, 0, 0, 0, 0, 0, 0, 0, 0, 1, 3, 11
"/Users/tkkwon/Github/2022-11-canto/Canto/x/fees/types/events.go", "Go", 0, 0, 0, 0, 8, 0, 0, 0, 0, 0, 0, 0, 0, 0, 0, 1, 3, 12
"/Users/tkkwon/Github/2022-11-canto/Canto/x/fees/types/fee.go", "Go", 0, 0, 0, 0, 27, 0, 0, 0, 0, 0, 0, 0, 0, 0, 0, 2, 7, 36
"/Users/tkkwon/Github/2022-11-canto/Canto/x/fees/types/fee_test.go", "Go", 0, 0, 0, 0, 137, 0, 0, 0, 0, 0, 0, 0, 0, 0, 0, 0, 13, 150
"/Users/tkkwon/Github/2022-11-canto/Canto/x/fees/types/fees.pb.go", "Go", 0, 0, 0, 0, 391, 0, 0, 0, 0, 0, 0, 0, 0, 0, 0, 14, 21, 426
"/Users/tkkwon/Github/2022-11-canto/Canto/x/fees/types/genesis.go", "Go", 0, 0, 0, 0, 26, 0, 0, 0, 0, 0, 0, 0, 0, 0, 0, 6, 8, 40
"/Users/tkkwon/Github/2022-11-canto/Canto/x/fees/types/genesis.pb.go", "Go", 0, 0, 0, 0, 598, 0, 0, 0, 0, 0, 0, 0, 0, 0, 0, 17, 30, 645
"/Users/tkkwon/Github/2022-11-canto/Canto/x/fees/types/genesis_test.go", "Go", 0, 0, 0, 0, 165, 0, 0, 0, 0, 0, 0, 0, 0, 0, 0, 0, 8, 173
"/Users/tkkwon/Github/2022-11-canto/Canto/x/fees/types/interfaces.go", "Go", 0, 0, 0, 0, 22, 0, 0, 0, 0, 0, 0, 0, 0, 0, 0, 3, 7, 32
"/Users/tkkwon/Github/2022-11-canto/Canto/x/fees/types/keys.go", "Go", 0, 0, 0, 0, 20, 0, 0, 0, 0, 0, 0, 0, 0, 0, 0, 8, 8, 36
"/Users/tkkwon/Github/2022-11-canto/Canto/x/fees/types/msg.go", "Go", 0, 0, 0, 0, 121, 0, 0, 0, 0, 0, 0, 0, 0, 0, 0, 20, 33, 174
"/Users/tkkwon/Github/2022-11-canto/Canto/x/fees/types/msg_test.go", "Go", 0, 0, 0, 0, 263, 0, 0, 0, 0, 0, 0, 0, 0, 0, 0, 0, 20, 283
"/Users/tkkwon/Github/2022-11-canto/Canto/x/fees/types/params.go", "Go", 0, 0, 0, 0, 81, 0, 0, 0, 0, 0, 0, 0, 0, 0, 0, 6, 19, 106
"/Users/tkkwon/Github/2022-11-canto/Canto/x/fees/types/params_test.go", "Go", 0, 0, 0, 0, 120, 0, 0, 0, 0, 0, 0, 0, 0, 0, 0, 0, 12, 132
"/Users/tkkwon/Github/2022-11-canto/Canto/x/fees/types/query.pb.go", "Go", 0, 0, 0, 0, 1774, 0, 0, 0, 0, 0, 0, 0, 0, 0, 0, 44, 102, 1920
"/Users/tkkwon/Github/2022-11-canto/Canto/x/fees/types/query.pb.gw.go", "Go", 0, 0, 0, 0, 346, 0, 0, 0, 0, 0, 0, 0, 0, 0, 0, 21, 90, 457
"/Users/tkkwon/Github/2022-11-canto/Canto/x/fees/types/tx.pb.go", "Go", 0, 0, 0, 0, 1454, 0, 0, 0, 0, 0, 0, 0, 0, 0, 0, 43, 83, 1580
"/Users/tkkwon/Github/2022-11-canto/Canto/x/fees/types/tx.pb.gw.go", "Go", 0, 0, 0, 0, 254, 0, 0, 0, 0, 0, 0, 0, 0, 0, 0, 21, 63, 338
"/Users/tkkwon/Github/2022-11-canto/Canto/x/govshuttle/client/cli/query.go", "Go", 0, 0, 0, 0, 18, 0, 0, 0, 0, 0, 0, 0, 0, 0, 0, 6, 8, 32
"/Users/tkkwon/Github/2022-11-canto/Canto/x/govshuttle/client/cli/query_params.go", "Go", 0, 0, 0, 0, 26, 0, 0, 0, 0, 0, 0, 0, 0, 0, 0, 0, 9, 35
"/Users/tkkwon/Github/2022-11-canto/Canto/x/govshuttle/client/cli/tx.go", "Go", 0, 0, 0, 0, 169, 0, 0, 0, 0, 0, 0, 0, 0, 0, 0, 3, 38, 210
"/Users/tkkwon/Github/2022-11-canto/Canto/x/govshuttle/client/cli/utils.go", "Go", 0, 0, 0, 0, 32, 0, 0, 0, 0, 0, 0, 0, 0, 0, 0, 8, 16, 56
"/Users/tkkwon/Github/2022-11-canto/Canto/x/govshuttle/client/proposal_handler.go", "Go", 0, 0, 0, 0, 10, 0, 0, 0, 0, 0, 0, 0, 0, 0, 0, 0, 4, 14
"/Users/tkkwon/Github/2022-11-canto/Canto/x/govshuttle/genesis.go", "Go", 0, 0, 0, 0, 18, 0, 0, 0, 0, 0, 0, 0, 0, 0, 0, 5, 7, 30
"/Users/tkkwon/Github/2022-11-canto/Canto/x/govshuttle/genesis_test.go", "Go", 0, 0, 0, 0, 6, 0, 0, 0, 0, 0, 0, 0, 0, 0, 0, 16, 7, 29
"/Users/tkkwon/Github/2022-11-canto/Canto/x/govshuttle/handler.go", "Go", 0, 0, 0, 0, 18, 0, 0, 0, 0, 0, 0, 0, 0, 0, 0, 3, 6, 27
"/Users/tkkwon/Github/2022-11-canto/Canto/x/govshuttle/keeper/grpc_query.go", "Go", 0, 0, 0, 0, 5, 0, 0, 0, 0, 0, 0, 0, 0, 0, 0, 0, 3, 8
"/Users/tkkwon/Github/2022-11-canto/Canto/x/govshuttle/keeper/grpc_query_params.go", "Go", 0, 0, 0, 0, 15, 0, 0, 0, 0, 0, 0, 0, 0, 0, 0, 0, 5, 20
"/Users/tkkwon/Github/2022-11-canto/Canto/x/govshuttle/keeper/grpc_query_params_test.go", "Go", 0, 0, 0, 0, 6, 0, 0, 0, 0, 0, 0, 0, 0, 0, 0, 10, 4, 20
"/Users/tkkwon/Github/2022-11-canto/Canto/x/govshuttle/keeper/init_test.go", "Go", 0, 0, 0, 0, 1, 0, 0, 0, 0, 0, 0, 0, 0, 0, 0, 29, 8, 38
"/Users/tkkwon/Github/2022-11-canto/Canto/x/govshuttle/keeper/keeper.go", "Go", 0, 0, 0, 0, 46, 0, 0, 0, 0, 0, 0, 0, 0, 0, 0, 1, 12, 59
"/Users/tkkwon/Github/2022-11-canto/Canto/x/govshuttle/keeper/keeper_test.go", "Go", 0, 0, 0, 0, 92, 0, 0, 0, 0, 0, 0, 0, 0, 0, 0, 3, 27, 122
"/Users/tkkwon/Github/2022-11-canto/Canto/x/govshuttle/keeper/msg_server.go", "Go", 0, 0, 0, 0, 11, 0, 0, 0, 0, 0, 0, 0, 0, 0, 0, 2, 5, 18
"/Users/tkkwon/Github/2022-11-canto/Canto/x/govshuttle/keeper/msg_server_test.go", "Go", 0, 0, 0, 0, 9, 0, 0, 0, 0, 0, 0, 0, 0, 0, 0, 5, 4, 18
"/Users/tkkwon/Github/2022-11-canto/Canto/x/govshuttle/keeper/params.go", "Go", 0, 0, 0, 0, 11, 0, 0, 0, 0, 0, 0, 0, 0, 0, 0, 2, 4, 17
"/Users/tkkwon/Github/2022-11-canto/Canto/x/govshuttle/keeper/params_test.go", "Go", 0, 0, 0, 0, 6, 0, 0, 0, 0, 0, 0, 0, 0, 0, 0, 4, 5, 15
"/Users/tkkwon/Github/2022-11-canto/Canto/x/govshuttle/keeper/proposals.go", "Go", 0, 0, 0, 0, 90, 0, 0, 0, 0, 0, 0, 0, 0, 0, 0, 2, 31, 123
"/Users/tkkwon/Github/2022-11-canto/Canto/x/govshuttle/keeper/proposals_test.go", "Go", 0, 0, 0, 0, 1, 0, 0, 0, 0, 0, 0, 0, 0, 0, 0, 0, 1, 2
"/Users/tkkwon/Github/2022-11-canto/Canto/x/govshuttle/module.go", "Go", 0, 0, 0, 0, 104, 0, 0, 0, 0, 0, 0, 0, 0, 0, 0, 33, 37, 174
"/Users/tkkwon/Github/2022-11-canto/Canto/x/govshuttle/module_simulation.go", "Go", 0, 0, 0, 0, 41, 0, 0, 0, 0, 0, 0, 0, 0, 0, 0, 11, 13, 65
"/Users/tkkwon/Github/2022-11-canto/Canto/x/govshuttle/proposal_handler.go", "Go", 0, 0, 0, 0, 44, 0, 0, 0, 0, 0, 0, 0, 0, 0, 0, 2, 8, 54
"/Users/tkkwon/Github/2022-11-canto/Canto/x/govshuttle/simulation/simap.go", "Go", 0, 0, 0, 0, 12, 0, 0, 0, 0, 0, 0, 0, 0, 0, 0, 1, 3, 16
"/Users/tkkwon/Github/2022-11-canto/Canto/x/govshuttle/types/codec.go", "Go", 0, 0, 0, 0, 20, 0, 0, 0, 0, 0, 0, 0, 0, 0, 0, 4, 7, 31
"/Users/tkkwon/Github/2022-11-canto/Canto/x/govshuttle/types/errors.go", "Go", 0, 0, 0, 0, 7, 0, 0, 0, 0, 0, 0, 0, 0, 0, 0, 2, 4, 13
"/Users/tkkwon/Github/2022-11-canto/Canto/x/govshuttle/types/genesis.go", "Go", 0, 0, 0, 0, 12, 0, 0, 0, 0, 0, 0, 0, 0, 0, 0, 7, 6, 25
"/Users/tkkwon/Github/2022-11-canto/Canto/x/govshuttle/types/genesis.pb.go", "Go", 0, 0, 0, 0, 294, 0, 0, 0, 0, 0, 0, 0, 0, 0, 0, 9, 19, 322
"/Users/tkkwon/Github/2022-11-canto/Canto/x/govshuttle/types/genesis_test.go", "Go", 0, 0, 0, 0, 34, 0, 0, 0, 0, 0, 0, 0, 0, 0, 0, 2, 5, 41
"/Users/tkkwon/Github/2022-11-canto/Canto/x/govshuttle/types/govshuttle.pb.go", "Go", 0, 0, 0, 0, 1495, 0, 0, 0, 0, 0, 0, 0, 0, 0, 0, 12, 65, 1572
"/Users/tkkwon/Github/2022-11-canto/Canto/x/govshuttle/types/interfaces.go", "Go", 0, 0, 0, 0, 24, 0, 0, 0, 0, 0, 0, 0, 0, 0, 0, 8, 7, 39
"/Users/tkkwon/Github/2022-11-canto/Canto/x/govshuttle/types/keys.go", "Go", 0, 0, 0, 0, 19, 0, 0, 0, 0, 0, 0, 0, 0, 0, 0, 5, 10, 34
"/Users/tkkwon/Github/2022-11-canto/Canto/x/govshuttle/types/params.go", "Go", 0, 0, 0, 0, 25, 0, 0, 0, 0, 0, 0, 0, 0, 0, 0, 6, 9, 40
"/Users/tkkwon/Github/2022-11-canto/Canto/x/govshuttle/types/proposal.go", "Go", 0, 0, 0, 0, 84, 0, 0, 0, 0, 0, 0, 0, 0, 0, 0, 1, 24, 109
"/Users/tkkwon/Github/2022-11-canto/Canto/x/govshuttle/types/query.pb.go", "Go", 0, 0, 0, 0, 479, 0, 0, 0, 0, 0, 0, 0, 0, 0, 0, 21, 39, 539
"/Users/tkkwon/Github/2022-11-canto/Canto/x/govshuttle/types/query.pb.gw.go", "Go", 0, 0, 0, 0, 107, 0, 0, 0, 0, 0, 0, 0, 0, 0, 0, 21, 26, 154
"/Users/tkkwon/Github/2022-11-canto/Canto/x/govshuttle/types/tx.pb.go", "Go", 0, 0, 0, 0, 50, 0, 0, 0, 0, 0, 0, 0, 0, 0, 0, 16, 16, 82
"/Users/tkkwon/Github/2022-11-canto/Canto/x/govshuttle/types/types.go", "Go", 0, 0, 0, 0, 1, 0, 0, 0, 0, 0, 0, 0, 0, 0, 0, 0, 1, 2
"/Users/tkkwon/Github/2022-11-canto/Canto/x/inflation/client/cli/query.go", "Go", 0, 0, 0, 0, 159, 0, 0, 0, 0, 0, 0, 0, 0, 0, 0, 11, 37, 207
"/Users/tkkwon/Github/2022-11-canto/Canto/x/inflation/genesis.go", "Go", 0, 0, 0, 0, 44, 0, 0, 0, 0, 0, 0, 0, 0, 0, 0, 6, 11, 61
"/Users/tkkwon/Github/2022-11-canto/Canto/x/inflation/keeper/epoch_info.go", "Go", 0, 0, 0, 0, 41, 0, 0, 0, 0, 0, 0, 0, 0, 0, 0, 6, 11, 58
"/Users/tkkwon/Github/2022-11-canto/Canto/x/inflation/keeper/epoch_info_test.go", "Go", 0, 0, 0, 0, 108, 0, 0, 0, 0, 0, 0, 0, 0, 0, 0, 0, 15, 123
"/Users/tkkwon/Github/2022-11-canto/Canto/x/inflation/keeper/epoch_mint_provisions.go", "Go", 0, 0, 0, 0, 27, 0, 0, 0, 0, 0, 0, 0, 0, 0, 0, 2, 8, 37
"/Users/tkkwon/Github/2022-11-canto/Canto/x/inflation/keeper/epoch_mint_provisions_test.go", "Go", 0, 0, 0, 0, 40, 0, 0, 0, 0, 0, 0, 0, 0, 0, 0, 0, 10, 50
"/Users/tkkwon/Github/2022-11-canto/Canto/x/inflation/keeper/genesis_test.go", "Go", 0, 0, 0, 0, 11, 0, 0, 0, 0, 0, 0, 0, 0, 0, 0, 1, 4, 16
"/Users/tkkwon/Github/2022-11-canto/Canto/x/inflation/keeper/grpc_query.go", "Go", 0, 0, 0, 0, 64, 0, 0, 0, 0, 0, 0, 0, 0, 0, 0, 7, 15, 86
"/Users/tkkwon/Github/2022-11-canto/Canto/x/inflation/keeper/grpc_query_test.go", "Go", 0, 0, 0, 0, 180, 0, 0, 0, 0, 0, 0, 0, 0, 0, 0, 4, 28, 212
"/Users/tkkwon/Github/2022-11-canto/Canto/x/inflation/keeper/hooks.go", "Go", 0, 0, 0, 0, 103, 0, 0, 0, 0, 0, 0, 0, 0, 0, 0, 19, 20, 142
"/Users/tkkwon/Github/2022-11-canto/Canto/x/inflation/keeper/hooks_test.go", "Go", 0, 0, 0, 0, 213, 0, 0, 0, 0, 0, 0, 0, 0, 0, 0, 7, 17, 237
"/Users/tkkwon/Github/2022-11-canto/Canto/x/inflation/keeper/inflation.go", "Go", 0, 0, 0, 0, 93, 0, 0, 0, 0, 0, 0, 0, 0, 0, 0, 21, 25, 139
"/Users/tkkwon/Github/2022-11-canto/Canto/x/inflation/keeper/inflation_test.go", "Go", 0, 0, 0, 0, 113, 0, 0, 0, 0, 0, 0, 0, 0, 0, 0, 3, 13, 129
"/Users/tkkwon/Github/2022-11-canto/Canto/x/inflation/keeper/integration_test.go", "Go", 0, 0, 0, 0, 218, 0, 0, 0, 0, 0, 0, 0, 0, 0, 0, 13, 32, 263
"/Users/tkkwon/Github/2022-11-canto/Canto/x/inflation/keeper/keeper.go", "Go", 0, 0, 0, 0, 51, 0, 0, 0, 0, 0, 0, 0, 0, 0, 0, 5, 11, 67
"/Users/tkkwon/Github/2022-11-canto/Canto/x/inflation/keeper/keeper_test.go", "Go", 0, 0, 0, 0, 93, 0, 0, 0, 0, 0, 0, 0, 0, 0, 0, 7, 23, 123
"/Users/tkkwon/Github/2022-11-canto/Canto/x/inflation/keeper/migrations.go", "Go", 0, 0, 0, 0, 18, 0, 0, 0, 0, 0, 0, 0, 0, 0, 0, 2, 6, 26
"/Users/tkkwon/Github/2022-11-canto/Canto/x/inflation/keeper/params.go", "Go", 0, 0, 0, 0, 12, 0, 0, 0, 0, 0, 0, 0, 0, 0, 0, 2, 5, 19
"/Users/tkkwon/Github/2022-11-canto/Canto/x/inflation/keeper/params_test.go", "Go", 0, 0, 0, 0, 12, 0, 0, 0, 0, 0, 0, 0, 0, 0, 0, 0, 5, 17
"/Users/tkkwon/Github/2022-11-canto/Canto/x/inflation/keeper/periods.go", "Go", 0, 0, 0, 0, 17, 0, 0, 0, 0, 0, 0, 0, 0, 0, 0, 2, 5, 24
"/Users/tkkwon/Github/2022-11-canto/Canto/x/inflation/keeper/periods_test.go", "Go", 0, 0, 0, 0, 35, 0, 0, 0, 0, 0, 0, 0, 0, 0, 0, 0, 6, 41
"/Users/tkkwon/Github/2022-11-canto/Canto/x/inflation/migrations/v2/migration.go", "Go", 0, 0, 0, 0, 28, 0, 0, 0, 0, 0, 0, 0, 0, 0, 0, 1, 9, 38
"/Users/tkkwon/Github/2022-11-canto/Canto/x/inflation/module.go", "Go", 0, 0, 0, 0, 127, 0, 0, 0, 0, 0, 0, 0, 0, 0, 0, 40, 41, 208
"/Users/tkkwon/Github/2022-11-canto/Canto/x/inflation/spec/01_concepts.md", "Markdown", 65, 0, 0, 0, 0, 0, 0, 0, 0, 0, 0, 0, 0, 0, 0, 3, 22, 90
"/Users/tkkwon/Github/2022-11-canto/Canto/x/inflation/spec/02_state.md", "Markdown", 37, 0, 0, 0, 0, 0, 0, 0, 0, 0, 0, 0, 0, 0, 0, 3, 16, 56
"/Users/tkkwon/Github/2022-11-canto/Canto/x/inflation/spec/03_hooks.md", "Markdown", 17, 0, 0, 0, 0, 0, 0, 0, 0, 0, 0, 0, 0, 0, 0, 3, 6, 26
"/Users/tkkwon/Github/2022-11-canto/Canto/x/inflation/spec/04_events.md", "Markdown", 8, 0, 0, 0, 0, 0, 0, 0, 0, 0, 0, 0, 0, 0, 0, 3, 5, 16
"/Users/tkkwon/Github/2022-11-canto/Canto/x/inflation/spec/05_parameters.md", "Markdown", 42, 0, 0, 0, 0, 0, 0, 0, 0, 0, 0, 0, 0, 0, 0, 3, 13, 58
"/Users/tkkwon/Github/2022-11-canto/Canto/x/inflation/spec/06_clients.md", "Markdown", 62, 0, 0, 0, 0, 0, 0, 0, 0, 0, 0, 0, 0, 0, 0, 3, 33, 98
"/Users/tkkwon/Github/2022-11-canto/Canto/x/inflation/spec/README.md", "Markdown", 22, 0, 0, 0, 0, 0, 0, 0, 0, 0, 0, 0, 0, 0, 0, 6, 9, 37
"/Users/tkkwon/Github/2022-11-canto/Canto/x/inflation/types/codec.go", "Go", 0, 0, 0, 0, 7, 0, 0, 0, 0, 0, 0, 0, 0, 0, 0, 6, 4, 17
"/Users/tkkwon/Github/2022-11-canto/Canto/x/inflation/types/events.go", "Go", 0, 0, 0, 0, 6, 0, 0, 0, 0, 0, 0, 0, 0, 0, 0, 1, 3, 10
"/Users/tkkwon/Github/2022-11-canto/Canto/x/inflation/types/genesis.go", "Go", 0, 0, 0, 0, 58, 0, 0, 0, 0, 0, 0, 0, 0, 0, 0, 4, 13, 75
"/Users/tkkwon/Github/2022-11-canto/Canto/x/inflation/types/genesis.pb.go", "Go", 0, 0, 0, 0, 765, 0, 0, 0, 0, 0, 0, 0, 0, 0, 0, 19, 35, 819
"/Users/tkkwon/Github/2022-11-canto/Canto/x/inflation/types/genesis_test.go", "Go", 0, 0, 0, 0, 85, 0, 0, 0, 0, 0, 0, 0, 0, 0, 0, 1, 10, 96
"/Users/tkkwon/Github/2022-11-canto/Canto/x/inflation/types/inflation.pb.go", "Go", 0, 0, 0, 0, 694, 0, 0, 0, 0, 0, 0, 0, 0, 0, 0, 35, 26, 755
"/Users/tkkwon/Github/2022-11-canto/Canto/x/inflation/types/inflation_calculation.go", "Go", 0, 0, 0, 0, 29, 0, 0, 0, 0, 0, 0, 0, 0, 0, 0, 9, 10, 48
"/Users/tkkwon/Github/2022-11-canto/Canto/x/inflation/types/inflation_calculation_test.go", "Go", 0, 0, 0, 0, 134, 0, 0, 0, 0, 0, 0, 0, 0, 0, 0, 0, 9, 143
"/Users/tkkwon/Github/2022-11-canto/Canto/x/inflation/types/interfaces.go", "Go", 0, 0, 0, 0, 30, 0, 0, 0, 0, 0, 0, 0, 0, 0, 0, 6, 6, 42
"/Users/tkkwon/Github/2022-11-canto/Canto/x/inflation/types/keys.go", "Go", 0, 0, 0, 0, 20, 0, 0, 0, 0, 0, 0, 0, 0, 0, 0, 6, 6, 32
"/Users/tkkwon/Github/2022-11-canto/Canto/x/inflation/types/params.go", "Go", 0, 0, 0, 0, 133, 0, 0, 0, 0, 0, 0, 0, 0, 0, 0, 9, 30, 172
"/Users/tkkwon/Github/2022-11-canto/Canto/x/inflation/types/params_test.go", "Go", 0, 0, 0, 0, 252, 0, 0, 0, 0, 0, 0, 0, 0, 0, 0, 0, 11, 263
"/Users/tkkwon/Github/2022-11-canto/Canto/x/inflation/types/query.pb.go", "Go", 0, 0, 0, 0, 2003, 0, 0, 0, 0, 0, 0, 0, 0, 0, 0, 56, 133, 2192
"/Users/tkkwon/Github/2022-11-canto/Canto/x/inflation/types/query.pb.gw.go", "Go", 0, 0, 0, 0, 362, 0, 0, 0, 0, 0, 0, 0, 0, 0, 0, 21, 96, 479
"/Users/tkkwon/Github/2022-11-canto/Canto/x/recovery/client/cli/query.go", "Go", 0, 0, 0, 0, 44, 0, 0, 0, 0, 0, 0, 0, 0, 0, 0, 2, 12, 58
"/Users/tkkwon/Github/2022-11-canto/Canto/x/recovery/genesis.go", "Go", 0, 0, 0, 0, 18, 0, 0, 0, 0, 0, 0, 0, 0, 0, 0, 2, 5, 25
"/Users/tkkwon/Github/2022-11-canto/Canto/x/recovery/genesis_test.go", "Go", 0, 0, 0, 0, 98, 0, 0, 0, 0, 0, 0, 0, 0, 0, 0, 1, 19, 118
"/Users/tkkwon/Github/2022-11-canto/Canto/x/recovery/ibc_middleware.go", "Go", 0, 0, 0, 0, 47, 0, 0, 0, 0, 0, 0, 0, 0, 0, 0, 9, 11, 67
"/Users/tkkwon/Github/2022-11-canto/Canto/x/recovery/keeper/grpc_query.go", "Go", 0, 0, 0, 0, 17, 0, 0, 0, 0, 0, 0, 0, 0, 0, 0, 1, 7, 25
"/Users/tkkwon/Github/2022-11-canto/Canto/x/recovery/keeper/grpc_query_test.go", "Go", 0, 0, 0, 0, 12, 0, 0, 0, 0, 0, 0, 0, 0, 0, 0, 0, 5, 17
"/Users/tkkwon/Github/2022-11-canto/Canto/x/recovery/keeper/ibc_callbacks.go", "Go", 0, 0, 0, 0, 199, 0, 0, 0, 0, 0, 0, 0, 0, 0, 0, 50, 41, 290
"/Users/tkkwon/Github/2022-11-canto/Canto/x/recovery/keeper/ibc_callbacks_integration_suite_test.go", "Go", 0, 0, 0, 0, 124, 0, 0, 0, 0, 0, 0, 0, 0, 0, 0, 9, 27, 160
"/Users/tkkwon/Github/2022-11-canto/Canto/x/recovery/keeper/ibc_callbacks_integration_test.go", "Go", 0, 0, 0, 0, 185, 0, 0, 0, 0, 0, 0, 0, 0, 0, 0, 27, 43, 255
"/Users/tkkwon/Github/2022-11-canto/Canto/x/recovery/keeper/ibc_callbacks_test.go", "Go", 0, 0, 0, 0, 511, 0, 0, 0, 0, 0, 0, 0, 0, 0, 0, 30, 54, 595
"/Users/tkkwon/Github/2022-11-canto/Canto/x/recovery/keeper/keeper.go", "Go", 0, 0, 0, 0, 57, 0, 0, 0, 0, 0, 0, 0, 0, 0, 0, 11, 17, 85
"/Users/tkkwon/Github/2022-11-canto/Canto/x/recovery/keeper/keeper_test.go", "Go", 0, 0, 0, 0, 63, 0, 0, 0, 0, 0, 0, 0, 0, 0, 0, 4, 18, 85
"/Users/tkkwon/Github/2022-11-canto/Canto/x/recovery/keeper/params.go", "Go", 0, 0, 0, 0, 12, 0, 0, 0, 0, 0, 0, 0, 0, 0, 0, 2, 5, 19
"/Users/tkkwon/Github/2022-11-canto/Canto/x/recovery/keeper/params_test.go", "Go", 0, 0, 0, 0, 8, 0, 0, 0, 0, 0, 0, 0, 0, 0, 0, 0, 2, 10
"/Users/tkkwon/Github/2022-11-canto/Canto/x/recovery/keeper/utils_test.go", "Go", 0, 0, 0, 0, 36, 0, 0, 0, 0, 0, 0, 0, 0, 0, 0, 4, 12, 52
"/Users/tkkwon/Github/2022-11-canto/Canto/x/recovery/module.go", "Go", 0, 0, 0, 0, 114, 0, 0, 0, 0, 0, 0, 0, 0, 0, 0, 14, 38, 166
"/Users/tkkwon/Github/2022-11-canto/Canto/x/recovery/types/errors.go", "Go", 0, 0, 0, 0, 7, 0, 0, 0, 0, 0, 0, 0, 0, 0, 0, 1, 3, 11
"/Users/tkkwon/Github/2022-11-canto/Canto/x/recovery/types/events.go", "Go", 0, 0, 0, 0, 4, 0, 0, 0, 0, 0, 0, 0, 0, 0, 0, 1, 2, 7
"/Users/tkkwon/Github/2022-11-canto/Canto/x/recovery/types/genesis.go", "Go", 0, 0, 0, 0, 14, 0, 0, 0, 0, 0, 0, 0, 0, 0, 0, 4, 4, 22
"/Users/tkkwon/Github/2022-11-canto/Canto/x/recovery/types/genesis.pb.go", "Go", 0, 0, 0, 0, 505, 0, 0, 0, 0, 0, 0, 0, 0, 0, 0, 13, 29, 547
"/Users/tkkwon/Github/2022-11-canto/Canto/x/recovery/types/genesis_test.go", "Go", 0, 0, 0, 0, 37, 0, 0, 0, 0, 0, 0, 0, 0, 0, 0, 0, 5, 42
"/Users/tkkwon/Github/2022-11-canto/Canto/x/recovery/types/interfaces.go", "Go", 0, 0, 0, 0, 29, 0, 0, 0, 0, 0, 0, 0, 0, 0, 0, 5, 8, 42
"/Users/tkkwon/Github/2022-11-canto/Canto/x/recovery/types/keys.go", "Go", 0, 0, 0, 0, 6, 0, 0, 0, 0, 0, 0, 0, 0, 0, 0, 4, 4, 14
"/Users/tkkwon/Github/2022-11-canto/Canto/x/recovery/types/params.go", "Go", 0, 0, 0, 0, 58, 0, 0, 0, 0, 0, 0, 0, 0, 0, 0, 8, 17, 83
"/Users/tkkwon/Github/2022-11-canto/Canto/x/recovery/types/params_test.go", "Go", 0, 0, 0, 0, 54, 0, 0, 0, 0, 0, 0, 0, 0, 0, 0, 0, 8, 62
"/Users/tkkwon/Github/2022-11-canto/Canto/x/recovery/types/query.pb.go", "Go", 0, 0, 0, 0, 477, 0, 0, 0, 0, 0, 0, 0, 0, 0, 0, 21, 39, 537
"/Users/tkkwon/Github/2022-11-canto/Canto/x/recovery/types/query.pb.gw.go", "Go", 0, 0, 0, 0, 107, 0, 0, 0, 0, 0, 0, 0, 0, 0, 0, 21, 26, 154
"/Users/tkkwon/Github/2022-11-canto/Canto/x/vesting/client/cli/query.go", "Go", 0, 0, 0, 0, 48, 0, 0, 0, 0, 0, 0, 0, 0, 0, 0, 2, 12, 62
"/Users/tkkwon/Github/2022-11-canto/Canto/x/vesting/client/cli/tx.go", "Go", 0, 0, 0, 0, 143, 0, 0, 0, 0, 0, 0, 0, 0, 0, 0, 7, 25, 175
"/Users/tkkwon/Github/2022-11-canto/Canto/x/vesting/client/cli/utils.go", "Go", 0, 0, 0, 0, 41, 0, 0, 0, 0, 0, 0, 0, 0, 0, 0, 2, 13, 56
"/Users/tkkwon/Github/2022-11-canto/Canto/x/vesting/handler.go", "Go", 0, 0, 0, 0, 21, 0, 0, 0, 0, 0, 0, 0, 0, 0, 0, 1, 5, 27
"/Users/tkkwon/Github/2022-11-canto/Canto/x/vesting/keeper/grpc_query.go", "Go", 0, 0, 0, 0, 44, 0, 0, 0, 0, 0, 0, 0, 0, 0, 0, 4, 12, 60
"/Users/tkkwon/Github/2022-11-canto/Canto/x/vesting/keeper/grpc_query_test.go", "Go", 0, 0, 0, 0, 102, 0, 0, 0, 0, 0, 0, 0, 0, 0, 0, 0, 11, 113
"/Users/tkkwon/Github/2022-11-canto/Canto/x/vesting/keeper/integration_test.go", "Go", 0, 0, 0, 0, 353, 0, 0, 0, 0, 0, 0, 0, 0, 0, 0, 49, 81, 483
"/Users/tkkwon/Github/2022-11-canto/Canto/x/vesting/keeper/keeper.go", "Go", 0, 0, 0, 0, 33, 0, 0, 0, 0, 0, 0, 0, 0, 0, 0, 3, 8, 44
"/Users/tkkwon/Github/2022-11-canto/Canto/x/vesting/keeper/keeper_test.go", "Go", 0, 0, 0, 0, 225, 0, 0, 0, 0, 0, 0, 0, 0, 0, 0, 17, 42, 284
"/Users/tkkwon/Github/2022-11-canto/Canto/x/vesting/keeper/msg_server.go", "Go", 0, 0, 0, 0, 203, 0, 0, 0, 0, 0, 0, 0, 0, 0, 0, 35, 44, 282
"/Users/tkkwon/Github/2022-11-canto/Canto/x/vesting/keeper/msg_server_test.go", "Go", 0, 0, 0, 0, 337, 0, 0, 0, 0, 0, 0, 0, 0, 0, 0, 9, 29, 375
"/Users/tkkwon/Github/2022-11-canto/Canto/x/vesting/module.go", "Go", 0, 0, 0, 0, 102, 0, 0, 0, 0, 0, 0, 0, 0, 0, 0, 27, 30, 159
"/Users/tkkwon/Github/2022-11-canto/Canto/x/vesting/types/clawback_vesting_account.go", "Go", 0, 0, 0, 0, 137, 0, 0, 0, 0, 0, 0, 0, 0, 0, 0, 38, 37, 212
"/Users/tkkwon/Github/2022-11-canto/Canto/x/vesting/types/clawback_vesting_account_test.go", "Go", 0, 0, 0, 0, 511, 0, 0, 0, 0, 0, 0, 0, 0, 0, 0, 2, 28, 541
"/Users/tkkwon/Github/2022-11-canto/Canto/x/vesting/types/codec.go", "Go", 0, 0, 0, 0, 34, 0, 0, 0, 0, 0, 0, 0, 0, 0, 0, 9, 8, 51
"/Users/tkkwon/Github/2022-11-canto/Canto/x/vesting/types/errors.go", "Go", 0, 0, 0, 0, 8, 0, 0, 0, 0, 0, 0, 0, 0, 0, 0, 1, 3, 12
"/Users/tkkwon/Github/2022-11-canto/Canto/x/vesting/types/events.go", "Go", 0, 0, 0, 0, 11, 0, 0, 0, 0, 0, 0, 0, 0, 0, 0, 1, 3, 15
"/Users/tkkwon/Github/2022-11-canto/Canto/x/vesting/types/interfaces.go", "Go", 0, 0, 0, 0, 45, 0, 0, 0, 0, 0, 0, 0, 0, 0, 0, 8, 7, 60
"/Users/tkkwon/Github/2022-11-canto/Canto/x/vesting/types/keys.go", "Go", 0, 0, 0, 0, 6, 0, 0, 0, 0, 0, 0, 0, 0, 0, 0, 3, 4, 13
"/Users/tkkwon/Github/2022-11-canto/Canto/x/vesting/types/msg.go", "Go", 0, 0, 0, 0, 101, 0, 0, 0, 0, 0, 0, 0, 0, 0, 0, 15, 25, 141
"/Users/tkkwon/Github/2022-11-canto/Canto/x/vesting/types/msg_test.go", "Go", 0, 0, 0, 0, 268, 0, 0, 0, 0, 0, 0, 0, 0, 0, 0, 0, 20, 288
"/Users/tkkwon/Github/2022-11-canto/Canto/x/vesting/types/query.pb.go", "Go", 0, 0, 0, 0, 666, 0, 0, 0, 0, 0, 0, 0, 0, 0, 0, 25, 42, 733
"/Users/tkkwon/Github/2022-11-canto/Canto/x/vesting/types/query.pb.gw.go", "Go", 0, 0, 0, 0, 135, 0, 0, 0, 0, 0, 0, 0, 0, 0, 0, 21, 34, 190
"/Users/tkkwon/Github/2022-11-canto/Canto/x/vesting/types/schedule.go", "Go", 0, 0, 0, 0, 214, 0, 0, 0, 0, 0, 0, 0, 0, 0, 0, 51, 38, 303
"/Users/tkkwon/Github/2022-11-canto/Canto/x/vesting/types/schedule_test.go", "Go", 0, 0, 0, 0, 504, 0, 0, 0, 0, 0, 0, 0, 0, 0, 0, 4, 16, 524
"/Users/tkkwon/Github/2022-11-canto/Canto/x/vesting/types/tx.pb.go", "Go", 0, 0, 0, 0, 1169, 0, 0, 0, 0, 0, 0, 0, 0, 0, 0, 46, 65, 1280
"/Users/tkkwon/Github/2022-11-canto/Canto/x/vesting/types/tx.pb.gw.go", "Go", 0, 0, 0, 0, 188, 0, 0, 0, 0, 0, 0, 0, 0, 0, 0, 21, 46, 255
"/Users/tkkwon/Github/2022-11-canto/Canto/x/vesting/types/utils.go", "Go", 0, 0, 0, 0, 17, 0, 0, 0, 0, 0, 0, 0, 0, 0, 0, 4, 5, 26
"/Users/tkkwon/Github/2022-11-canto/Canto/x/vesting/types/vesting.pb.go", "Go", 0, 0, 0, 0, 512, 0, 0, 0, 0, 0, 0, 0, 0, 0, 0, 18, 18, 548
"/Users/tkkwon/Github/2022-11-canto/README.md", "Markdown", 108, 0, 0, 0, 0, 0, 0, 0, 0, 0, 0, 0, 0, 0, 0, 0, 52, 160
"Total", "-", 654, 429, 9912, 763, 53453, 6495, 114, 2, 30685, 44651, 52, 2, 38, 1307, 164, 27532, 17683, 193936